dose,seed,phase,step,toxicity,fitted
0.01,0,acquisition,50,0.1028661768202437,0.1028661768202437
0.01,0,acquisition,100,0.1113707760360557,0.1113707760360557
0.01,0,acquisition,150,0.1211535797821125,0.1211535797821125
0.01,0,acquisition,200,0.1625270692509366,0.1492186421919905
0.01,0,acquisition,250,0.1688207478105323,0.1492186421919905
0.01,0,acquisition,300,0.1317185802187305,0.1492186421919905
0.01,0,acquisition,350,0.1338081714877625,0.1492186421919905
0.01,0,acquisition,400,0.1872755427216179,0.1872755427216179
0.01,0,acquisition,450,0.1895026274904376,0.1895026274904376
0.01,0,acquisition,500,0.2095536441286094,0.19252744376931022
0.01,0,acquisition,550,0.1826421175571158,0.19252744376931022
0.01,0,acquisition,600,0.1853865696222055,0.19252744376931022
0.01,0,acquisition,650,0.2001233233878156,0.2001233233878156
0.01,0,acquisition,700,0.2055221638927469,0.2055221638927469
0.01,0,acquisition,750,0.2747636848880211,0.24268101807494527
0.01,0,acquisition,800,0.2561789714865153,0.24268101807494527
0.01,0,acquisition,850,0.2094691616867203,0.24268101807494527
0.01,0,acquisition,900,0.2303122542385244,0.24268101807494527
0.01,0,acquisition,950,0.3214643064449774,0.2727196961838053
0.01,0,acquisition,1000,0.2772533330257283,0.2727196961838053
0.01,0,acquisition,1050,0.2468497607496101,0.2727196961838053
0.01,0,acquisition,1100,0.267114054193953,0.2727196961838053
0.01,0,acquisition,1150,0.2509170265047578,0.2727196961838053
0.01,0,acquisition,1200,0.3150192400196101,0.2908504576600778
0.01,0,acquisition,1250,0.2810536617069738,0.2908504576600778
0.01,0,acquisition,1300,0.2764784712536493,0.2908504576600778
0.01,0,acquisition,1350,0.3026483618299244,0.29476365509020974
0.01,0,acquisition,1400,0.3149082799634197,0.29476365509020974
0.01,0,acquisition,1450,0.2739618264051387,0.29476365509020974
0.01,0,acquisition,1500,0.2875361521623563,0.29476365509020974
0.01,0,acquisition,1550,0.3167723311192821,0.3167723311192821
0.01,0,acquisition,1600,0.3621568220644258,0.33979419207499756
0.01,0,acquisition,1650,0.3673027757427189,0.33979419207499756
0.01,0,acquisition,1700,0.4241750005172798,0.33979419207499756
0.01,0,acquisition,1750,0.2902778196532745,0.33979419207499756
0.01,0,acquisition,1800,0.2936133742734091,0.33979419207499756
0.01,0,acquisition,1850,0.3231488755525788,0.33979419207499756
0.01,0,acquisition,1900,0.3178846767212963,0.33979419207499756
0.01,0,acquisition,1950,0.3815765528648626,0.34182868725620214
0.01,0,acquisition,2000,0.3858524646499427,0.34182868725620214
0.01,0,acquisition,2050,0.2923469287797343,0.34182868725620214
0.01,0,acquisition,2100,0.3706823012715904,0.34182868725620214
0.01,0,acquisition,2150,0.3425918872503098,0.34182868725620214
0.01,0,acquisition,2200,0.3443200867203995,0.34182868725620214
0.01,0,acquisition,2250,0.2754305892565753,0.34182868725620214
0.01,0,acquisition,2300,0.3510059794882545,0.3510059794882545
0.01,0,acquisition,2350,0.4323492679558694,0.37491171762860503
0.01,0,acquisition,2400,0.3497177126153838,0.37491171762860503
0.01,0,acquisition,2450,0.3800096873298753,0.37491171762860503
0.01,0,acquisition,2500,0.381495391051867,0.37491171762860503
0.01,0,acquisition,2550,0.4232786427129758,0.37491171762860503
0.01,0,acquisition,2600,0.3600474819290684,0.37491171762860503
0.01,0,acquisition,2650,0.3436823865241604,0.37491171762860503
0.01,0,acquisition,2700,0.3952572574251098,0.37491171762860503
0.01,0,acquisition,2750,0.3514675536664435,0.37491171762860503
0.01,0,acquisition,2800,0.3514174761244794,0.37491171762860503
0.01,0,acquisition,2850,0.3553060365794226,0.37491171762860503
0.01,0,acquisition,2900,0.438816653858521,0.38050880545010185
0.01,0,acquisition,2950,0.3454260184266604,0.38050880545010185
0.01,0,acquisition,3000,0.3814057067193789,0.38050880545010185
0.01,0,acquisition,3050,0.4585022355691762,0.38050880545010185
0.01,0,acquisition,3100,0.3099864070978947,0.38050880545010185
0.01,0,acquisition,3150,0.3526549829606665,0.38050880545010185
0.01,0,acquisition,3200,0.3767696335184155,0.38050880545010185
0.01,0,acquisition,3250,0.4283808027300984,0.39218649608332523
0.01,0,acquisition,3300,0.3831271620787447,0.39218649608332523
0.01,0,acquisition,3350,0.3773714262613794,0.39218649608332523
0.01,0,acquisition,3400,0.3920653577626217,0.39218649608332523
0.01,0,acquisition,3450,0.4122792156605283,0.39218649608332523
0.01,0,acquisition,3500,0.4250183656014269,0.39218649608332523
0.01,0,acquisition,3550,0.3730816559499362,0.39218649608332523
0.01,0,acquisition,3600,0.4520926992042223,0.39218649608332523
0.01,0,acquisition,3650,0.4365779230318731,0.39218649608332523
0.01,0,acquisition,3700,0.4296975621033925,0.39218649608332523
0.01,0,acquisition,3750,0.4217604955803836,0.39218649608332523
0.01,0,acquisition,3800,0.385737022999092,0.39218649608332523
0.01,0,acquisition,3850,0.3817038908897666,0.39218649608332523
0.01,0,acquisition,3900,0.4411610674165422,0.39218649608332523
0.01,0,acquisition,3950,0.4071609396877466,0.39218649608332523
0.01,0,acquisition,4000,0.3904415038868319,0.39218649608332523
0.01,0,acquisition,4050,0.3932888516696403,0.39218649608332523
0.01,0,acquisition,4100,0.4577524218597682,0.39218649608332523
0.01,0,acquisition,4150,0.4134240409254562,0.39218649608332523
0.01,0,acquisition,4200,0.402907949592336,0.39218649608332523
0.01,0,acquisition,4250,0.334845373062999,0.39218649608332523
0.01,0,acquisition,4300,0.3990256985137239,0.39218649608332523
0.01,0,acquisition,4350,0.3705922590452246,0.39218649608332523
0.01,0,acquisition,4400,0.3739493123587454,0.39218649608332523
0.01,0,acquisition,4450,0.3571102829696611,0.39218649608332523
0.01,0,acquisition,4500,0.4314651940990006,0.39218649608332523
0.01,0,acquisition,4550,0.3926761805190472,0.39218649608332523
0.01,0,acquisition,4600,0.3379011859220918,0.39218649608332523
0.01,0,acquisition,4650,0.3498349554958986,0.39218649608332523
0.01,0,acquisition,4700,0.38434421291342,0.39218649608332523
0.01,0,acquisition,4750,0.3997116252133855,0.39218649608332523
0.01,0,acquisition,4800,0.4096551174437627,0.39218649608332523
0.01,0,acquisition,4850,0.3239976150187431,0.39218649608332523
0.01,0,acquisition,4900,0.3729209477110998,0.39218649608332523
0.01,0,acquisition,4950,0.3593657080794219,0.39218649608332523
0.01,0,acquisition,5000,0.3981895099545363,0.39218649608332523
0.01,0,acquisition,5050,0.3913900815718807,0.39218649608332523
0.01,0,acquisition,5100,0.396270881096716,0.39218649608332523
0.01,0,acquisition,5150,0.3945566111750668,0.39218649608332523
0.01,0,acquisition,5200,0.3749160489457426,0.39218649608332523
0.01,0,acquisition,5250,0.4230557462223805,0.39218649608332523
0.01,0,acquisition,5300,0.3980152514833026,0.39218649608332523
0.01,0,acquisition,5350,0.3521506315813167,0.39218649608332523
0.01,0,acquisition,5400,0.3479169124417239,0.39218649608332523
0.01,0,acquisition,5450,0.4256564571539638,0.39218649608332523
0.01,0,acquisition,5500,0.4163054846576415,0.39218649608332523
0.01,0,acquisition,5550,0.3706161635910394,0.39218649608332523
0.01,0,acquisition,5600,0.3535052285040729,0.39218649608332523
0.01,0,acquisition,5650,0.3721672764455433,0.39218649608332523
0.01,0,acquisition,5700,0.4488678260636516,0.4014557503281685
0.01,0,acquisition,5750,0.3710493106837384,0.4014557503281685
0.01,0,acquisition,5800,0.4277275226940401,0.4014557503281685
0.01,0,acquisition,5850,0.3581783418712439,0.4014557503281685
0.01,0,acquisition,5900,0.4390275123878382,0.4390275123878382
0.01,0,recovery,50,0.3445396498736227,0.376038650033588
0.01,0,recovery,100,0.3840148594178026,0.376038650033588
0.01,0,recovery,150,0.3865991820587078,0.376038650033588
0.01,0,recovery,200,0.389000908784219,0.376038650033588
0.01,0,recovery,250,0.3376070564531255,0.3376070564531255
0.01,0,recovery,300,0.3122288026940077,0.33362397709046493
0.01,0,recovery,350,0.3441955845017219,0.33362397709046493
0.01,0,recovery,400,0.3444475440756651,0.33362397709046493
0.01,0,recovery,450,0.2780288082250626,0.3241793067518301
0.01,0,recovery,500,0.3191823349217884,0.3241793067518301
0.01,0,recovery,550,0.3248353982972912,0.3241793067518301
0.01,0,recovery,600,0.3116812549490714,0.3241793067518301
0.01,0,recovery,650,0.3024754700163612,0.3241793067518301
0.01,0,recovery,700,0.3766294515627669,0.3241793067518301
0.01,0,recovery,750,0.3390732209727866,0.3241793067518301
0.01,0,recovery,800,0.3415285150695126,0.3241793067518301
0.01,0,recovery,850,0.3170685040287208,0.3193036810443542
0.01,0,recovery,900,0.2815894716628827,0.3193036810443542
0.01,0,recovery,950,0.3302874229499138,0.3193036810443542
0.01,0,recovery,1000,0.3108119931997498,0.3193036810443542
0.01,0,recovery,1050,0.2983344120718538,0.3193036810443542
0.01,0,recovery,1100,0.3777302823530044,0.3193036810443542
0.01,0,recovery,1150,0.2902462030242895,0.2902462030242895
0.01,0,recovery,1200,0.2325831498409388,0.2855749376865424
0.01,0,recovery,1250,0.2742717770219315,0.2855749376865424
0.01,0,recovery,1300,0.2971923516603419,0.2855749376865424
0.01,0,recovery,1350,0.3124666649737628,0.2855749376865424
0.01,0,recovery,1400,0.2647327190870419,0.2855749376865424
0.01,0,recovery,1450,0.2764999517961405,0.2855749376865424
0.01,0,recovery,1500,0.2915351649664808,0.2855749376865424
0.01,0,recovery,1550,0.3353177221457008,0.2855749376865424
0.01,0,recovery,1600,0.2520690523699159,0.27704853719385575
0.01,0,recovery,1650,0.2029190393706085,0.27704853719385575
0.01,0,recovery,1700,0.2881836307881167,0.27704853719385575
0.01,0,recovery,1750,0.3029971438954817,0.27704853719385575
0.01,0,recovery,1800,0.2573761674010893,0.27704853719385575
0.01,0,recovery,1850,0.2573584931436926,0.27704853719385575
0.01,0,recovery,1900,0.2562272716138977,0.27704853719385575
0.01,0,recovery,1950,0.2626167556853033,0.27704853719385575
0.01,0,recovery,2000,0.1859638152259867,0.27704853719385575
0.01,0,recovery,2050,0.2954302575218026,0.27704853719385575
0.01,0,recovery,2100,0.3007252565317321,0.27704853719385575
0.01,0,recovery,2150,0.2560214739624644,0.27704853719385575
0.01,0,recovery,2200,0.2697919451905182,0.27704853719385575
0.01,0,recovery,2250,0.3331190702901221,0.27704853719385575
0.01,0,recovery,2300,0.2582886859448626,0.27704853719385575
0.01,0,recovery,2350,0.2352316602307837,0.27704853719385575
0.01,0,recovery,2400,0.2774544275383232,0.27704853719385575
0.01,0,recovery,2450,0.3283414807863301,0.27704853719385575
0.01,0,recovery,2500,0.2814186931407312,0.27704853719385575
0.01,0,recovery,2550,0.2076906143111409,0.27704853719385575
0.01,0,recovery,2600,0.3079982508852845,0.27704853719385575
0.01,0,recovery,2650,0.3260584625491174,0.27704853719385575
0.01,0,recovery,2700,0.2518143332510953,0.27704853719385575
0.01,0,recovery,2750,0.2803699865314411,0.27704853719385575
0.01,0,recovery,2800,0.2906123211618978,0.27704853719385575
0.01,0,recovery,2850,0.3116945253068116,0.27704853719385575
0.01,0,recovery,2900,0.2720730844140053,0.27704853719385575
0.01,0,recovery,2950,0.2602544205309823,0.27704853719385575
0.01,0,recovery,3000,0.3148299308767309,0.27704853719385575
0.01,0,recovery,3050,0.2940692501026206,0.27704853719385575
0.01,0,recovery,3100,0.2870416108274367,0.27704853719385575
0.01,0,recovery,3150,0.25792983649706,0.27704853719385575
0.01,0,recovery,3200,0.2844498221721733,0.27704853719385575
0.01,0,recovery,3250,0.3126616471912712,0.27704853719385575
0.01,0,recovery,3300,0.3041845956322504,0.27704853719385575
0.01,0,recovery,3350,0.2662298670969903,0.27704853719385575
0.01,0,recovery,3400,0.2981824407138629,0.27704853719385575
0.01,0,recovery,3450,0.2631000367330853,0.27704853719385575
0.01,0,recovery,3500,0.277169315990759,0.27704853719385575
0.01,0,recovery,3550,0.3119928143464494,0.27704853719385575
0.01,0,recovery,3600,0.2346305713336914,0.2598939066513521
0.01,0,recovery,3650,0.212775358185172,0.2598939066513521
0.01,0,recovery,3700,0.2402426541456952,0.2598939066513521
0.01,0,recovery,3750,0.2649720363382948,0.2598939066513521
0.01,0,recovery,3800,0.2735780910006724,0.2598939066513521
0.01,0,recovery,3850,0.1961450869124382,0.2598939066513521
0.01,0,recovery,3900,0.3257159789057914,0.2598939066513521
0.01,0,recovery,3950,0.2494366500450996,0.2598939066513521
0.01,0,recovery,4000,0.2580782839964377,0.2598939066513521
0.01,0,recovery,4050,0.2736332510120701,0.2598939066513521
0.01,0,recovery,4100,0.276744889174588,0.2598939066513521
0.01,0,recovery,4150,0.2721363086585188,0.2598939066513521
0.01,0,recovery,4200,0.2596230243565515,0.2598939066513521
0.01,0,recovery,4250,0.2292006135359406,0.2598939066513521
0.01,0,recovery,4300,0.2397218955960124,0.2598939066513521
0.01,0,recovery,4350,0.2636722285172436,0.2598939066513521
0.01,0,recovery,4400,0.2931625961442478,0.2598939066513521
0.01,0,recovery,4450,0.2602608614729251,0.2598939066513521
0.01,0,recovery,4500,0.2532260133203817,0.2598939066513521
0.01,0,recovery,4550,0.2443124701449414,0.2598939066513521
0.01,0,recovery,4600,0.2354448647703975,0.2598939066513521
0.01,0,recovery,4650,0.2626700632355641,0.2598939066513521
0.01,0,recovery,4700,0.2643329171458026,0.2598939066513521
0.01,0,recovery,4750,0.252608392771217,0.2598939066513521
0.01,0,recovery,4800,0.2495378008706029,0.2598939066513521
0.01,0,recovery,4850,0.2707626789872301,0.2598939066513521
0.01,0,recovery,4900,0.2748218376561999,0.2598939066513521
0.01,0,recovery,4950,0.243164039660478,0.2598939066513521
0.01,0,recovery,5000,0.2959930972137954,0.2598939066513521
0.01,0,recovery,5050,0.2599265010392992,0.2598939066513521
0.01,0,recovery,5100,0.2923081044282298,0.2598939066513521
0.01,0,recovery,5150,0.2672411259129876,0.2598939066513521
0.01,0,recovery,5200,0.2757358169637154,0.2598939066513521
0.01,0,recovery,5250,0.2646579357341397,0.2598939066513521
0.01,0,recovery,5300,0.2286898615414975,0.2598939066513521
0.01,0,recovery,5350,0.2508278608415276,0.2598939066513521
0.01,0,recovery,5400,0.2984006843238603,0.2598939066513521
0.01,0,recovery,5450,0.2373816810251446,0.2598939066513521
0.01,0,recovery,5500,0.23467947922647,0.2598939066513521
0.01,0,recovery,5550,0.2831548357388238,0.2598939066513521
0.01,0,recovery,5600,0.2850778611033456,0.2598939066513521
0.01,0,recovery,5650,0.2667808281106408,0.2598939066513521
0.01,0,recovery,5700,0.2309493419510545,0.2598939066513521
0.01,0,recovery,5750,0.2294362178840674,0.2598939066513521
0.01,0,recovery,5800,0.2853959468804533,0.2598939066513521
0.01,0,recovery,5850,0.290791478845058,0.2598939066513521
0.01,0,recovery,5900,0.2629734959552297,0.2598939066513521
0.01,1,acquisition,50,0.1421772338676964,0.13657625025894948
0.01,1,acquisition,100,0.1309752666502026,0.13657625025894948
0.01,1,acquisition,150,0.1654981914546806,0.1654981914546806
0.01,1,acquisition,200,0.2084660847013583,0.19670931800973546
0.01,1,acquisition,250,0.2277446982153924,0.19670931800973546
0.01,1,acquisition,300,0.2094001507112989,0.19670931800973546
0.01,1,acquisition,350,0.184159655260737,0.19670931800973546
0.01,1,acquisition,400,0.2349403467529919,0.19670931800973546
0.01,1,acquisition,450,0.1712618449114961,0.19670931800973546
0.01,1,acquisition,500,0.1646371097961673,0.19670931800973546
0.01,1,acquisition,550,0.1855960985913407,0.19670931800973546
0.01,1,acquisition,600,0.1841778731468366,0.19670931800973546
0.01,1,acquisition,650,0.2287899725261377,0.2065445237845415
0.01,1,acquisition,700,0.1842990750429453,0.2065445237845415
0.01,1,acquisition,750,0.2732141499425051,0.25698044746706716
0.01,1,acquisition,800,0.2407467449916293,0.25698044746706716
0.01,1,acquisition,850,0.2856005999661283,0.27726793240784897
0.01,1,acquisition,900,0.2689352648495696,0.27726793240784897
0.01,1,acquisition,950,0.4133635561476694,0.31110203589470714
0.01,1,acquisition,1000,0.316586982824956,0.31110203589470714
0.01,1,acquisition,1050,0.2734990489977644,0.31110203589470714
0.01,1,acquisition,1100,0.3462514082808047,0.31110203589470714
0.01,1,acquisition,1150,0.3196372905775206,0.31110203589470714
0.01,1,acquisition,1200,0.2910701190296095,0.31110203589470714
0.01,1,acquisition,1250,0.2173058454046258,0.31110203589470714
0.01,1,acquisition,1300,0.3543257876118877,0.3543257876118877
0.01,1,acquisition,1350,0.396134892248665,0.3833667857496928
0.01,1,acquisition,1400,0.3847200507257367,0.3833667857496928
0.01,1,acquisition,1450,0.3733127954637166,0.3833667857496928
0.01,1,acquisition,1500,0.3803262095717946,0.3833667857496928
0.01,1,acquisition,1550,0.4837485873786499,0.3833667857496928
0.01,1,acquisition,1600,0.3904478156409459,0.3833667857496928
0.01,1,acquisition,1650,0.4507295726810116,0.3833667857496928
0.01,1,acquisition,1700,0.3712653622974176,0.3833667857496928
0.01,1,acquisition,1750,0.4186596732831094,0.3833667857496928
0.01,1,acquisition,1800,0.402061982935993,0.3833667857496928
0.01,1,acquisition,1850,0.3459023546340177,0.3833667857496928
0.01,1,acquisition,1900,0.3939039661001879,0.3833667857496928
0.01,1,acquisition,1950,0.5159458436619024,0.3833667857496928
0.01,1,acquisition,2000,0.4862780700373696,0.3833667857496928
0.01,1,acquisition,2050,0.3655670998449205,0.3833667857496928
0.01,1,acquisition,2100,0.3915812810207717,0.3833667857496928
0.01,1,acquisition,2150,0.3701602513511898,0.3833667857496928
0.01,1,acquisition,2200,0.3949363010295201,0.3833667857496928
0.01,1,acquisition,2250,0.3850913067517104,0.3833667857496928
0.01,1,acquisition,2300,0.3345023905247217,0.3833667857496928
0.01,1,acquisition,2350,0.4045202016684925,0.3833667857496928
0.01,1,acquisition,2400,0.4226220579911023,0.3833667857496928
0.01,1,acquisition,2450,0.3569288564298767,0.3833667857496928
0.01,1,acquisition,2500,0.3119418733182829,0.3833667857496928
0.01,1,acquisition,2550,0.3906442648894153,0.3833667857496928
0.01,1,acquisition,2600,0.3454624866164522,0.3833667857496928
0.01,1,acquisition,2650,0.3873182819149224,0.3833667857496928
0.01,1,acquisition,2700,0.3181935632118257,0.3833667857496928
0.01,1,acquisition,2750,0.3603026452602353,0.3833667857496928
0.01,1,acquisition,2800,0.3933257500914624,0.3833667857496928
0.01,1,acquisition,2850,0.3828029680828331,0.3833667857496928
0.01,1,acquisition,2900,0.3258481093001319,0.3833667857496928
0.01,1,acquisition,2950,0.3418675192754017,0.3833667857496928
0.01,1,acquisition,3000,0.3135823961888673,0.3833667857496928
0.01,1,acquisition,3050,0.3649517386039951,0.3833667857496928
0.01,1,acquisition,3100,0.3456157669622917,0.3833667857496928
0.01,1,acquisition,3150,0.5025797352619702,0.399047815911927
0.01,1,acquisition,3200,0.4277058005955769,0.399047815911927
0.01,1,acquisition,3250,0.4143294996221084,0.399047815911927
0.01,1,acquisition,3300,0.4286079940776108,0.399047815911927
0.01,1,acquisition,3350,0.447055936093675,0.399047815911927
0.01,1,acquisition,3400,0.4633909769053571,0.399047815911927
0.01,1,acquisition,3450,0.418106252476573,0.399047815911927
0.01,1,acquisition,3500,0.4214747894607717,0.399047815911927
0.01,1,acquisition,3550,0.4606111112452345,0.399047815911927
0.01,1,acquisition,3600,0.4692645893472945,0.399047815911927
0.01,1,acquisition,3650,0.3581719308445463,0.399047815911927
0.01,1,acquisition,3700,0.4092364197724965,0.399047815911927
0.01,1,acquisition,3750,0.4267988889879779,0.399047815911927
0.01,1,acquisition,3800,0.4056593267718563,0.399047815911927
0.01,1,acquisition,3850,0.3931243888440076,0.399047815911927
0.01,1,acquisition,3900,0.4073262078117113,0.399047815911927
0.01,1,acquisition,3950,0.4122156197170261,0.399047815911927
0.01,1,acquisition,4000,0.3989791099203285,0.399047815911927
0.01,1,acquisition,4050,0.425064725917764,0.399047815911927
0.01,1,acquisition,4100,0.3955522727314383,0.399047815911927
0.01,1,acquisition,4150,0.4195369920064695,0.399047815911927
0.01,1,acquisition,4200,0.4174737359251594,0.399047815911927
0.01,1,acquisition,4250,0.3858485125139123,0.399047815911927
0.01,1,acquisition,4300,0.3891995980619686,0.399047815911927
0.01,1,acquisition,4350,0.3815613053273409,0.399047815911927
0.01,1,acquisition,4400,0.4020317712699761,0.399047815911927
0.01,1,acquisition,4450,0.3862560901546385,0.399047815911927
0.01,1,acquisition,4500,0.3612394335260614,0.399047815911927
0.01,1,acquisition,4550,0.4425273563928203,0.399047815911927
0.01,1,acquisition,4600,0.3873829549335641,0.399047815911927
0.01,1,acquisition,4650,0.3825798567826859,0.399047815911927
0.01,1,acquisition,4700,0.3295922724419506,0.399047815911927
0.01,1,acquisition,4750,0.40802268477506,0.399047815911927
0.01,1,acquisition,4800,0.4384832535783062,0.399047815911927
0.01,1,acquisition,4850,0.3977795054251328,0.399047815911927
0.01,1,acquisition,4900,0.3721339308371534,0.399047815911927
0.01,1,acquisition,4950,0.368442270195228,0.399047815911927
0.01,1,acquisition,5000,0.3490897896600654,0.399047815911927
0.01,1,acquisition,5050,0.4062896144011756,0.399047815911927
0.01,1,acquisition,5100,0.3746735921298386,0.399047815911927
0.01,1,acquisition,5150,0.3261603423714405,0.399047815911927
0.01,1,acquisition,5200,0.4515964626194909,0.399047815911927
0.01,1,acquisition,5250,0.422497430286021,0.399047815911927
0.01,1,acquisition,5300,0.3606367535871686,0.399047815911927
0.01,1,acquisition,5350,0.344898708704859,0.399047815911927
0.01,1,acquisition,5400,0.360128035514499,0.399047815911927
0.01,1,acquisition,5450,0.4211488828138681,0.399047815911927
0.01,1,acquisition,5500,0.4009783711883938,0.399047815911927
0.01,1,acquisition,5550,0.3308152643236098,0.399047815911927
0.01,1,acquisition,5600,0.3888605134631507,0.399047815911927
0.01,1,acquisition,5650,0.3697694091580342,0.399047815911927
0.01,1,acquisition,5700,0.4148945324908709,0.399047815911927
0.01,1,acquisition,5750,0.3592060824565123,0.399047815911927
0.01,1,acquisition,5800,0.3397533515794202,0.399047815911927
0.01,1,acquisition,5850,0.370885637854808,0.399047815911927
0.01,1,acquisition,5900,0.4164747074985644,0.4164747074985644
0.01,1,recovery,50,0.3712050382955931,0.37835578573256495
0.01,1,recovery,100,0.3855065331695368,0.37835578573256495
0.01,1,recovery,150,0.3169511061848606,0.3418018229963491
0.01,1,recovery,200,0.3421605313027976,0.3418018229963491
0.01,1,recovery,250,0.3622656776296207,0.3418018229963491
0.01,1,recovery,300,0.3245734352088766,0.3418018229963491
0.01,1,recovery,350,0.3067095278290799,0.3418018229963491
0.01,1,recovery,400,0.3722026735218242,0.3418018229963491
0.01,1,recovery,450,0.3512618583405856,0.3418018229963491
0.01,1,recovery,500,0.3309174155897926,0.3418018229963491
0.01,1,recovery,550,0.3660071888304083,0.3418018229963491
0.01,1,recovery,600,0.3449688155256444,0.3418018229963491
0.01,1,recovery,650,0.3233046869223471,0.3345710909970027
0.01,1,recovery,700,0.3280535186972702,0.3345710909970027
0.01,1,recovery,750,0.3523550673713908,0.3345710909970027
0.01,1,recovery,800,0.2622211340587819,0.29130062670097684
0.01,1,recovery,850,0.2946064248355105,0.29130062670097684
0.01,1,recovery,900,0.3059757499460829,0.29130062670097684
0.01,1,recovery,950,0.258715857846546,0.29130062670097684
0.01,1,recovery,1000,0.3349839668179629,0.29130062670097684
0.01,1,recovery,1050,0.2757841043837834,0.2896115518151783
0.01,1,recovery,1100,0.3034389992465731,0.2896115518151783
0.01,1,recovery,1150,0.2665017432434251,0.26950092146567917
0.01,1,recovery,1200,0.231606606253772,0.26950092146567917
0.01,1,recovery,1250,0.2556371514627244,0.26950092146567917
0.01,1,recovery,1300,0.2735096323903417,0.26950092146567917
0.01,1,recovery,1350,0.2539252997213043,0.26950092146567917
0.01,1,recovery,1400,0.2960352458356647,0.26950092146567917
0.01,1,recovery,1450,0.2991777186701074,0.26950092146567917
0.01,1,recovery,1500,0.2644409171189181,0.26950092146567917
0.01,1,recovery,1550,0.2498568946769228,0.26950092146567917
0.01,1,recovery,1600,0.203078192541725,0.26950092146567917
0.01,1,recovery,1650,0.2443581729690777,0.26950092146567917
0.01,1,recovery,1700,0.2770516016619513,0.26950092146567917
0.01,1,recovery,1750,0.3166740707948338,0.26950092146567917
0.01,1,recovery,1800,0.2017260340380016,0.26950092146567917
0.01,1,recovery,1850,0.3088434412097558,0.26950092146567917
0.01,1,recovery,1900,0.2708473489299649,0.26950092146567917
0.01,1,recovery,1950,0.288946841484867,0.26950092146567917
0.01,1,recovery,2000,0.2766544150200207,0.26950092146567917
0.01,1,recovery,2050,0.2831776767026167,0.26950092146567917
0.01,1,recovery,2100,0.2582309185381746,0.26950092146567917
0.01,1,recovery,2150,0.2761899008811451,0.26950092146567917
0.01,1,recovery,2200,0.3128637778863776,0.26950092146567917
0.01,1,recovery,2250,0.2891875916789286,0.26950092146567917
0.01,1,recovery,2300,0.2448387093062047,0.24723089237860402
0.01,1,recovery,2350,0.2188473583274753,0.24723089237860402
0.01,1,recovery,2400,0.2456579615466762,0.24723089237860402
0.01,1,recovery,2450,0.2348507729719858,0.24723089237860402
0.01,1,recovery,2500,0.2416044561797753,0.24723089237860402
0.01,1,recovery,2550,0.2436447502137161,0.24723089237860402
0.01,1,recovery,2600,0.259391323114396,0.24723089237860402
0.01,1,recovery,2650,0.1842462835798505,0.24723089237860402
0.01,1,recovery,2700,0.2952881159778917,0.24723089237860402
0.01,1,recovery,2750,0.1813529491605004,0.24723089237860402
0.01,1,recovery,2800,0.2348818210605532,0.24723089237860402
0.01,1,recovery,2850,0.2400769079179736,0.24723089237860402
0.01,1,recovery,2900,0.2410311799432384,0.24723089237860402
0.01,1,recovery,2950,0.246931677776738,0.24723089237860402
0.01,1,recovery,3000,0.2596967160137137,0.24723089237860402
0.01,1,recovery,3050,0.2936770193494158,0.24723089237860402
0.01,1,recovery,3100,0.2530963541200617,0.24723089237860402
0.01,1,recovery,3150,0.2622489256336121,0.24723089237860402
0.01,1,recovery,3200,0.1842077956482535,0.24723089237860402
0.01,1,recovery,3250,0.2776776447100564,0.24723089237860402
0.01,1,recovery,3300,0.228982903995784,0.24723089237860402
0.01,1,recovery,3350,0.2261858367320383,0.24723089237860402
0.01,1,recovery,3400,0.2204036466451361,0.24723089237860402
0.01,1,recovery,3450,0.2383746239455649,0.24723089237860402
0.01,1,recovery,3500,0.2484586075897095,0.24723089237860402
0.01,1,recovery,3550,0.2239277156256139,0.24723089237860402
0.01,1,recovery,3600,0.235389462984167,0.24723089237860402
0.01,1,recovery,3650,0.2806600851099938,0.24723089237860402
0.01,1,recovery,3700,0.2896645373356296,0.24723089237860402
0.01,1,recovery,3750,0.2416680651536444,0.24723089237860402
0.01,1,recovery,3800,0.2499058963044081,0.24723089237860402
0.01,1,recovery,3850,0.2823337654402712,0.24723089237860402
0.01,1,recovery,3900,0.2366214894538279,0.24723089237860402
0.01,1,recovery,3950,0.3221189986669924,0.24723089237860402
0.01,1,recovery,4000,0.2461691051878733,0.24723089237860402
0.01,1,recovery,4050,0.2622801739262649,0.24723089237860402
0.01,1,recovery,4100,0.2307096532220021,0.24723089237860402
0.01,1,recovery,4150,0.2641963398799998,0.24723089237860402
0.01,1,recovery,4200,0.2672259734297404,0.24723089237860402
0.01,1,recovery,4250,0.2507100919634104,0.24723089237860402
0.01,1,recovery,4300,0.243405597693054,0.24615907211987567
0.01,1,recovery,4350,0.2259115528810071,0.24615907211987567
0.01,1,recovery,4400,0.2454461140418425,0.24615907211987567
0.01,1,recovery,4450,0.2594425947050331,0.24615907211987567
0.01,1,recovery,4500,0.2301652672735508,0.24615907211987567
0.01,1,recovery,4550,0.2613409394974587,0.24615907211987567
0.01,1,recovery,4600,0.2574014387471834,0.24615907211987567
0.01,1,recovery,4650,0.2295576483983313,0.24193501199770248
0.01,1,recovery,4700,0.2078402986912988,0.24193501199770248
0.01,1,recovery,4750,0.277594369018916,0.24193501199770248
0.01,1,recovery,4800,0.2438413213077001,0.24193501199770248
0.01,1,recovery,4850,0.2508414225722663,0.24193501199770248
0.01,1,recovery,4900,0.2148090857762145,0.24039443175776976
0.01,1,recovery,4950,0.2144170070177642,0.24039443175776976
0.01,1,recovery,5000,0.2839068021276034,0.24039443175776976
0.01,1,recovery,5050,0.2422727586672408,0.24039443175776976
0.01,1,recovery,5100,0.2211632158979773,0.24039443175776976
0.01,1,recovery,5150,0.2179283342766575,0.24039443175776976
0.01,1,recovery,5200,0.2520030243654036,0.24039443175776976
0.01,1,recovery,5250,0.2384414109046338,0.24039443175776976
0.01,1,recovery,5300,0.252400705498876,0.24039443175776976
0.01,1,recovery,5350,0.2325890805287054,0.24039443175776976
0.01,1,recovery,5400,0.1896599389647599,0.24039443175776976
0.01,1,recovery,5450,0.2394216308183968,0.24039443175776976
0.01,1,recovery,5500,0.2580849419930018,0.24039443175776976
0.01,1,recovery,5550,0.2264090907265199,0.24039443175776976
0.01,1,recovery,5600,0.2226928004133515,0.24039443175776976
0.01,1,recovery,5650,0.2552228651777841,0.24039443175776976
0.01,1,recovery,5700,0.2515671427198686,0.24039443175776976
0.01,1,recovery,5750,0.274081463473849,0.24039443175776976
0.01,1,recovery,5800,0.257062253485783,0.24039443175776976
0.01,1,recovery,5850,0.263755082321004,0.24039443175776976
0.01,1,recovery,5900,0.2298238425789168,0.2298238425789168
0.01,2,acquisition,50,0.1583753222326049,0.13998668692914565
0.01,2,acquisition,100,0.1359076410927809,0.13998668692914565
0.01,2,acquisition,150,0.1365816298959544,0.13998668692914565
0.01,2,acquisition,200,0.1448699288675561,0.13998668692914565
0.01,2,acquisition,250,0.1322433845821069,0.13998668692914565
0.01,2,acquisition,300,0.1367311451642308,0.13998668692914565
0.01,2,acquisition,350,0.1351977566687855,0.13998668692914565
0.01,2,acquisition,400,0.1664871709787985,0.1664871709787985
0.01,2,acquisition,450,0.1840318753354949,0.1840318753354949
0.01,2,acquisition,500,0.2118910216650692,0.19453342374908966
0.01,2,acquisition,550,0.1771758258331101,0.19453342374908966
0.01,2,acquisition,600,0.2133031766401836,0.2130233080137986
0.01,2,acquisition,650,0.2127434393874136,0.2130233080137986
0.01,2,acquisition,700,0.2166273770492989,0.2166273770492989
0.01,2,acquisition,750,0.2432409046351676,0.2432409046351676
0.01,2,acquisition,800,0.2951716775476234,0.2536865350299195
0.01,2,acquisition,850,0.3153016799758188,0.2536865350299195
0.01,2,acquisition,900,0.2409303943417035,0.2536865350299195
0.01,2,acquisition,950,0.2283187309419736,0.2536865350299195
0.01,2,acquisition,1000,0.2083279715909157,0.2536865350299195
0.01,2,acquisition,1050,0.2563420859986218,0.2536865350299195
0.01,2,acquisition,1100,0.2441850796237122,0.2536865350299195
0.01,2,acquisition,1150,0.2409146602189867,0.2536865350299195
0.01,2,acquisition,1200,0.4281264586944598,0.29623895050830795
0.01,2,acquisition,1250,0.3570965467800852,0.29623895050830795
0.01,2,acquisition,1300,0.3275708983064396,0.29623895050830795
0.01,2,acquisition,1350,0.3145951450994471,0.29623895050830795
0.01,2,acquisition,1400,0.242832420085906,0.29623895050830795
0.01,2,acquisition,1450,0.233483247598051,0.29623895050830795
0.01,2,acquisition,1500,0.2732120517350268,0.29623895050830795
0.01,2,acquisition,1550,0.2992971973656677,0.29623895050830795
0.01,2,acquisition,1600,0.2573607990884921,0.29623895050830795
0.01,2,acquisition,1650,0.2696416315616807,0.29623895050830795
0.01,2,acquisition,1700,0.2554120592761319,0.29623895050830795
0.01,2,acquisition,1750,0.3377351264283061,0.3244433255922049
0.01,2,acquisition,1800,0.3194456636044196,0.3244433255922049
0.01,2,acquisition,1850,0.3353000559529755,0.3244433255922049
0.01,2,acquisition,1900,0.3362602846621303,0.3244433255922049
0.01,2,acquisition,1950,0.293475497313193,0.3244433255922049
0.01,2,acquisition,2000,0.3850207206991035,0.3379201258863759
0.01,2,acquisition,2050,0.4048841781413648,0.3379201258863759
0.01,2,acquisition,2100,0.2942271689570043,0.3379201258863759
0.01,2,acquisition,2150,0.2995809007849311,0.3379201258863759
0.01,2,acquisition,2200,0.3391708526440197,0.3379201258863759
0.01,2,acquisition,2250,0.3601123263838235,0.3379201258863759
0.01,2,acquisition,2300,0.3132174192392267,0.3379201258863759
0.01,2,acquisition,2350,0.3071474402415333,0.3379201258863759
0.01,2,acquisition,2400,0.3587113369675353,0.3587113369675353
0.01,2,acquisition,2450,0.4175384088687133,0.4099959759008683
0.01,2,acquisition,2500,0.4215403626358602,0.4099959759008683
0.01,2,acquisition,2550,0.4392391604848671,0.4099959759008683
0.01,2,acquisition,2600,0.395603889907361,0.4099959759008683
0.01,2,acquisition,2650,0.4363089494372252,0.4099959759008683
0.01,2,acquisition,2700,0.473944242579164,0.4099959759008683
0.01,2,acquisition,2750,0.4128454867348773,0.4099959759008683
0.01,2,acquisition,2800,0.4138059734116541,0.4099959759008683
0.01,2,acquisition,2850,0.3863570010906551,0.4099959759008683
0.01,2,acquisition,2900,0.343465879666619,0.4099959759008683
0.01,2,acquisition,2950,0.3903453528770478,0.4099959759008683
0.01,2,acquisition,3000,0.3889570031163748,0.4099959759008683
0.01,2,acquisition,3050,0.4910724884358933,0.4105910802966618
0.01,2,acquisition,3100,0.388451215911773,0.4105910802966618
0.01,2,acquisition,3150,0.4870468624832574,0.4105910802966618
0.01,2,acquisition,3200,0.4062753327010432,0.4105910802966618
0.01,2,acquisition,3250,0.3355893155664671,0.4105910802966618
0.01,2,acquisition,3300,0.4486794560530688,0.4105910802966618
0.01,2,acquisition,3350,0.4354792307020398,0.4105910802966618
0.01,2,acquisition,3400,0.3968730788276298,0.4105910802966618
0.01,2,acquisition,3450,0.4342280941287754,0.4105910802966618
0.01,2,acquisition,3500,0.4227457335032523,0.4105910802966618
0.01,2,acquisition,3550,0.3752460154209984,0.4105910802966618
0.01,2,acquisition,3600,0.4277729212853592,0.4105910802966618
0.01,2,acquisition,3650,0.4820427879248746,0.4105910802966618
0.01,2,acquisition,3700,0.4270946824504062,0.4105910802966618
0.01,2,acquisition,3750,0.3959712842426961,0.4105910802966618
0.01,2,acquisition,3800,0.515582385561429,0.4105910802966618
0.01,2,acquisition,3850,0.4263774189451942,0.4105910802966618
0.01,2,acquisition,3900,0.4325303888443159,0.4105910802966618
0.01,2,acquisition,3950,0.4266272126277908,0.4105910802966618
0.01,2,acquisition,4000,0.4460698838334065,0.4105910802966618
0.01,2,acquisition,4050,0.4459905822301516,0.4105910802966618
0.01,2,acquisition,4100,0.3886372024251613,0.4105910802966618
0.01,2,acquisition,4150,0.393962807120406,0.4105910802966618
0.01,2,acquisition,4200,0.3922091818641638,0.4105910802966618
0.01,2,acquisition,4250,0.3989002104639075,0.4105910802966618
0.01,2,acquisition,4300,0.3825528183608548,0.4105910802966618
0.01,2,acquisition,4350,0.4441787672985811,0.4105910802966618
0.01,2,acquisition,4400,0.393477653110167,0.4105910802966618
0.01,2,acquisition,4450,0.3395279779896373,0.4105910802966618
0.01,2,acquisition,4500,0.4045947452133987,0.4105910802966618
0.01,2,acquisition,4550,0.3781405643263133,0.4105910802966618
0.01,2,acquisition,4600,0.4407450178742874,0.4105910802966618
0.01,2,acquisition,4650,0.4591597213031491,0.4105910802966618
0.01,2,acquisition,4700,0.4108997894992353,0.4105910802966618
0.01,2,acquisition,4750,0.3938723816728452,0.4105910802966618
0.01,2,acquisition,4800,0.3789397288288455,0.4105910802966618
0.01,2,acquisition,4850,0.3957881143316626,0.4105910802966618
0.01,2,acquisition,4900,0.3894868499937001,0.4105910802966618
0.01,2,acquisition,4950,0.3749796383146895,0.4105910802966618
0.01,2,acquisition,5000,0.4307523806032259,0.4105910802966618
0.01,2,acquisition,5050,0.4136845458403695,0.4105910802966618
0.01,2,acquisition,5100,0.4003747851453954,0.4105910802966618
0.01,2,acquisition,5150,0.3469199842930539,0.4105910802966618
0.01,2,acquisition,5200,0.431161447155755,0.4105910802966618
0.01,2,acquisition,5250,0.4043940813752124,0.4105910802966618
0.01,2,acquisition,5300,0.4545830336923245,0.4105910802966618
0.01,2,acquisition,5350,0.360194794430281,0.4105910802966618
0.01,2,acquisition,5400,0.3832453988824272,0.4105910802966618
0.01,2,acquisition,5450,0.3804957419645507,0.4105910802966618
0.01,2,acquisition,5500,0.4197052015195368,0.4105910802966618
0.01,2,acquisition,5550,0.3574943802482448,0.4105910802966618
0.01,2,acquisition,5600,0.4005847959901439,0.4105910802966618
0.01,2,acquisition,5650,0.4092977466777665,0.4105910802966618
0.01,2,acquisition,5700,0.371230476530618,0.4105910802966618
0.01,2,acquisition,5750,0.4163823311566375,0.4163823311566375
0.01,2,acquisition,5800,0.4755839972570538,0.4268848710580884
0.01,2,acquisition,5850,0.4167272678780137,0.4268848710580884
0.01,2,acquisition,5900,0.3883433480391977,0.4268848710580884
0.01,2,recovery,50,0.4961422029894311,0.4961422029894311
0.01,2,recovery,100,0.4030012862378498,0.4030012862378498
0.01,2,recovery,150,0.3933192283805692,0.3938725211060955
0.01,2,recovery,200,0.3773188409925205,0.3938725211060955
0.01,2,recovery,250,0.3867268425453221,0.3938725211060955
0.01,2,recovery,300,0.4181251725059701,0.3938725211060955
0.01,2,recovery,350,0.343326644457411,0.36189755372004584
0.01,2,recovery,400,0.3804684629826806,0.36189755372004584
0.01,2,recovery,450,0.3400440100999549,0.3587731661921862
0.01,2,recovery,500,0.3371069879468996,0.3587731661921862
0.01,2,recovery,550,0.3492056687321747,0.3587731661921862
0.01,2,recovery,600,0.3709869195712963,0.3587731661921862
0.01,2,recovery,650,0.3754243663407396,0.3587731661921862
0.01,2,recovery,700,0.3655545353738125,0.3587731661921862
0.01,2,recovery,750,0.3728995237650815,0.3587731661921862
0.01,2,recovery,800,0.3589633177075302,0.3587731661921862
0.01,2,recovery,850,0.3311003138386877,0.349769674835843
0.01,2,recovery,900,0.349528383174329,0.349769674835843
0.01,2,recovery,950,0.3686803274945123,0.349769674835843
0.01,2,recovery,1000,0.3255913890089141,0.3490860441245604
0.01,2,recovery,1050,0.3725806992402067,0.3490860441245604
0.01,2,recovery,1100,0.3278611323266523,0.3409737514290164
0.01,2,recovery,1150,0.3058199652447365,0.3409737514290164
0.01,2,recovery,1200,0.3017959575710119,0.3409737514290164
0.01,2,recovery,1250,0.2711219711625017,0.3409737514290164
0.01,2,recovery,1300,0.2985279336594976,0.3409737514290164
0.01,2,recovery,1350,0.3121869439841248,0.3409737514290164
0.01,2,recovery,1400,0.3418873148283455,0.3409737514290164
0.01,2,recovery,1450,0.3318039482802851,0.3409737514290164
0.01,2,recovery,1500,0.2866111037263181,0.3409737514290164
0.01,2,recovery,1550,0.3501678492373321,0.3409737514290164
0.01,2,recovery,1600,0.3964518129109637,0.3409737514290164
0.01,2,recovery,1650,0.4569056733354227,0.3409737514290164
0.01,2,recovery,1700,0.3032390117063187,0.3409737514290164
0.01,2,recovery,1750,0.407077488527866,0.3409737514290164
0.01,2,recovery,1800,0.3441891197510995,0.3409737514290164
0.01,2,recovery,1850,0.3559376463433727,0.3409737514290164
0.01,2,recovery,1900,0.4049689016974298,0.3409737514290164
0.01,2,recovery,1950,0.3161867662769509,0.3306851593687315
0.01,2,recovery,2000,0.3204706311871996,0.3306851593687315
0.01,2,recovery,2050,0.305632830329705,0.3306851593687315
0.01,2,recovery,2100,0.3365578996168915,0.3306851593687315
0.01,2,recovery,2150,0.3534934020217042,0.3306851593687315
0.01,2,recovery,2200,0.3517694267799379,0.3306851593687315
0.01,2,recovery,2250,0.2990868494589813,0.3129443246457958
0.01,2,recovery,2300,0.3268017998326104,0.3129443246457958
0.01,2,recovery,2350,0.2865382167487405,0.30388029040058606
0.01,2,recovery,2400,0.2677266176085686,0.30388029040058606
0.01,2,recovery,2450,0.3293892633495852,0.30388029040058606
0.01,2,recovery,2500,0.3299257641780423,0.30388029040058606
0.01,2,recovery,2550,0.3058215901179937,0.30388029040058606
0.01,2,recovery,2600,0.295350429743994,0.30075891934888205
0.01,2,recovery,2650,0.2680293793405872,0.30075891934888205
0.01,2,recovery,2700,0.3122295025043422,0.30075891934888205
0.01,2,recovery,2750,0.3274263658066047,0.30075891934888205
0.01,2,recovery,2800,0.2364601979666622,0.2975577270309441
0.01,2,recovery,2850,0.3062685809208779,0.2975577270309441
0.01,2,recovery,2900,0.241350134013337,0.2975577270309441
0.01,2,recovery,2950,0.3273676824610447,0.2975577270309441
0.01,2,recovery,3000,0.2480279762565624,0.2975577270309441
0.01,2,recovery,3050,0.3205337726522703,0.2975577270309441
0.01,2,recovery,3100,0.2658777018316323,0.2975577270309441
0.01,2,recovery,3150,0.3833770788175752,0.2975577270309441
0.01,2,recovery,3200,0.3487564183585345,0.2975577270309441
0.01,2,recovery,3250,0.2615660605358425,0.27925019570205245
0.01,2,recovery,3300,0.2231517168087884,0.27925019570205245
0.01,2,recovery,3350,0.3114609768055379,0.27925019570205245
0.01,2,recovery,3400,0.2465441168402321,0.27925019570205245
0.01,2,recovery,3450,0.2831693458091467,0.27925019570205245
0.01,2,recovery,3500,0.3366729232028592,0.27925019570205245
0.01,2,recovery,3550,0.2364195466291858,0.27925019570205245
0.01,2,recovery,3600,0.2805895719164982,0.27925019570205245
0.01,2,recovery,3650,0.2431049419526243,0.27925019570205245
0.01,2,recovery,3700,0.2942955791018903,0.27925019570205245
0.01,2,recovery,3750,0.2345400177669944,0.27925019570205245
0.01,2,recovery,3800,0.2505720711441245,0.27925019570205245
0.01,2,recovery,3850,0.2858383467036765,0.27925019570205245
0.01,2,recovery,3900,0.2709599023748887,0.27925019570205245
0.01,2,recovery,3950,0.2596024262730498,0.27925019570205245
0.01,2,recovery,4000,0.290151425107615,0.27925019570205245
0.01,2,recovery,4050,0.26536443016259,0.27925019570205245
0.01,2,recovery,4100,0.3085206629731692,0.27925019570205245
0.01,2,recovery,4150,0.3427587052044691,0.27925019570205245
0.01,2,recovery,4200,0.3084357637783978,0.27925019570205245
0.01,2,recovery,4250,0.2529725735570537,0.27925019570205245
0.01,2,recovery,4300,0.2549672843451844,0.27925019570205245
0.01,2,recovery,4350,0.2621775787638035,0.27925019570205245
0.01,2,recovery,4400,0.2649453344551148,0.27925019570205245
0.01,2,recovery,4450,0.2987642423884245,0.27925019570205245
0.01,2,recovery,4500,0.2964648828702047,0.27925019570205245
0.01,2,recovery,4550,0.2858190128084971,0.27925019570205245
0.01,2,recovery,4600,0.3303358830092475,0.27925019570205245
0.01,2,recovery,4650,0.2936883483151905,0.27925019570205245
0.01,2,recovery,4700,0.2966854001785395,0.27925019570205245
0.01,2,recovery,4750,0.2459528031019726,0.27925019570205245
0.01,2,recovery,4800,0.259256571259466,0.27925019570205245
0.01,2,recovery,4850,0.3001229526090901,0.27925019570205245
0.01,2,recovery,4900,0.2420207601209404,0.27925019570205245
0.01,2,recovery,4950,0.2446256438380805,0.27925019570205245
0.01,2,recovery,5000,0.2300636630045482,0.27925019570205245
0.01,2,recovery,5050,0.2872920762572903,0.27925019570205245
0.01,2,recovery,5100,0.2419380250049289,0.27925019570205245
0.01,2,recovery,5150,0.2989957021380542,0.27925019570205245
0.01,2,recovery,5200,0.2656772953737527,0.27925019570205245
0.01,2,recovery,5250,0.3268563701608218,0.27925019570205245
0.01,2,recovery,5300,0.3246700670942664,0.27925019570205245
0.01,2,recovery,5350,0.2853995096147991,0.27925019570205245
0.01,2,recovery,5400,0.3121662581968121,0.27925019570205245
0.01,2,recovery,5450,0.2744327147724107,0.27925019570205245
0.01,2,recovery,5500,0.3064127085090149,0.27925019570205245
0.01,2,recovery,5550,0.3083370051573729,0.27925019570205245
0.01,2,recovery,5600,0.2558183939458104,0.2679858934664766
0.01,2,recovery,5650,0.2411868133209646,0.2679858934664766
0.01,2,recovery,5700,0.2513319967011921,0.2679858934664766
0.01,2,recovery,5750,0.2588073367509059,0.2679858934664766
0.01,2,recovery,5800,0.2879361136071384,0.2679858934664766
0.01,2,recovery,5850,0.2690342897566734,0.2679858934664766
0.01,2,recovery,5900,0.3117863101826515,0.2679858934664766
0.05,0,acquisition,50,0.1518827721849084,0.1518827721849084
0.05,0,acquisition,100,0.1725252705183811,0.1725252705183811
0.05,0,acquisition,150,0.2820779430441325,0.2820779430441325
0.05,0,acquisition,200,0.2959364521224051,0.29255681195267236
0.05,0,acquisition,250,0.2891771717829396,0.29255681195267236
0.05,0,acquisition,300,0.3469380613713292,0.32364997537020823
0.05,0,acquisition,350,0.3003618893690873,0.32364997537020823
0.05,0,acquisition,400,0.3588164129387587,0.33020260178231786
0.05,0,acquisition,450,0.3143118112935917,0.33020260178231786
0.05,0,acquisition,500,0.3174795811146032,0.33020260178231786
0.05,0,acquisition,550,0.4185738875699462,0.3441210055549163
0.05,0,acquisition,600,0.2911832846730249,0.3441210055549163
0.05,0,acquisition,650,0.3270599697658326,0.3441210055549163
0.05,0,acquisition,700,0.3396668802108615,0.3441210055549163
0.05,0,acquisition,750,0.4093865488603478,0.3807525638282532
0.05,0,acquisition,800,0.419846819024533,0.3807525638282532
0.05,0,acquisition,850,0.4002517947304295,0.3807525638282532
0.05,0,acquisition,900,0.3426731239026412,0.3807525638282532
0.05,0,acquisition,950,0.3316045326233143,0.3807525638282532
0.05,0,acquisition,1000,0.4549928936432115,0.3835284586188272
0.05,0,acquisition,1050,0.4015499281411758,0.3835284586188272
0.05,0,acquisition,1100,0.3613554867485072,0.3835284586188272
0.05,0,acquisition,1150,0.4184551388205728,0.3835284586188272
0.05,0,acquisition,1200,0.4330313677084632,0.3835284586188272
0.05,0,acquisition,1250,0.3963930912874639,0.3835284586188272
0.05,0,acquisition,1300,0.4311852131533669,0.3835284586188272
0.05,0,acquisition,1350,0.4187604796211235,0.3835284586188272
0.05,0,acquisition,1400,0.4995783065253636,0.3835284586188272
0.05,0,acquisition,1450,0.3182822947157547,0.3835284586188272
0.05,0,acquisition,1500,0.3231827197934035,0.3835284586188272
0.05,0,acquisition,1550,0.3559944204043131,0.3835284586188272
0.05,0,acquisition,1600,0.3860216320864856,0.3835284586188272
0.05,0,acquisition,1650,0.3737778357183561,0.3835284586188272
0.05,0,acquisition,1700,0.4348059978894889,0.3835284586188272
0.05,0,acquisition,1750,0.3177010781294666,0.3835284586188272
0.05,0,acquisition,1800,0.3234674156730762,0.3835284586188272
0.05,0,acquisition,1850,0.4223969203355955,0.3835284586188272
0.05,0,acquisition,1900,0.3669064810062991,0.3835284586188272
0.05,0,acquisition,1950,0.3415805383509723,0.3835284586188272
0.05,0,acquisition,2000,0.3525874884863151,0.3835284586188272
0.05,0,acquisition,2050,0.3563663168117637,0.3835284586188272
0.05,0,acquisition,2100,0.3327815031824866,0.3835284586188272
0.05,0,acquisition,2150,0.4445991885644617,0.409953222346887
0.05,0,acquisition,2200,0.444612704537576,0.409953222346887
0.05,0,acquisition,2250,0.4325224041228648,0.409953222346887
0.05,0,acquisition,2300,0.4603665873367572,0.409953222346887
0.05,0,acquisition,2350,0.3621147702838061,0.409953222346887
0.05,0,acquisition,2400,0.4233658743783599,0.409953222346887
0.05,0,acquisition,2450,0.4923109066154575,0.409953222346887
0.05,0,acquisition,2500,0.3904348053527064,0.409953222346887
0.05,0,acquisition,2550,0.4939977435546461,0.409953222346887
0.05,0,acquisition,2600,0.4399724957096623,0.409953222346887
0.05,0,acquisition,2650,0.4812771240744041,0.409953222346887
0.05,0,acquisition,2700,0.4541247143124928,0.409953222346887
0.05,0,acquisition,2750,0.4352457968489034,0.409953222346887
0.05,0,acquisition,2800,0.4181156738859136,0.409953222346887
0.05,0,acquisition,2850,0.3874834370566532,0.409953222346887
0.05,0,acquisition,2900,0.4126981837663334,0.409953222346887
0.05,0,acquisition,2950,0.3713474786892766,0.409953222346887
0.05,0,acquisition,3000,0.3487875736999558,0.409953222346887
0.05,0,acquisition,3050,0.4032884524099063,0.409953222346887
0.05,0,acquisition,3100,0.4490674583107465,0.409953222346887
0.05,0,acquisition,3150,0.4262176725052995,0.409953222346887
0.05,0,acquisition,3200,0.4470915343915112,0.409953222346887
0.05,0,acquisition,3250,0.4337777892156736,0.409953222346887
0.05,0,acquisition,3300,0.4566148526384495,0.409953222346887
0.05,0,acquisition,3350,0.4013225552567746,0.409953222346887
0.05,0,acquisition,3400,0.3722217741439817,0.409953222346887
0.05,0,acquisition,3450,0.3656515714188572,0.409953222346887
0.05,0,acquisition,3500,0.3774486940022325,0.409953222346887
0.05,0,acquisition,3550,0.4439549217786407,0.409953222346887
0.05,0,acquisition,3600,0.4168056004616665,0.409953222346887
0.05,0,acquisition,3650,0.4470297558646416,0.409953222346887
0.05,0,acquisition,3700,0.4458822238724679,0.409953222346887
0.05,0,acquisition,3750,0.420257633778383,0.409953222346887
0.05,0,acquisition,3800,0.3455249528429703,0.409953222346887
0.05,0,acquisition,3850,0.3959433823084691,0.409953222346887
0.05,0,acquisition,3900,0.5103967290744186,0.409953222346887
0.05,0,acquisition,3950,0.4641140799416462,0.409953222346887
0.05,0,acquisition,4000,0.4487329696392407,0.409953222346887
0.05,0,acquisition,4050,0.4406496690184576,0.409953222346887
0.05,0,acquisition,4100,0.4010040363122243,0.409953222346887
0.05,0,acquisition,4150,0.4151277563348412,0.409953222346887
0.05,0,acquisition,4200,0.3818549474369501,0.409953222346887
0.05,0,acquisition,4250,0.3674949438322801,0.409953222346887
0.05,0,acquisition,4300,0.4048982682055794,0.409953222346887
0.05,0,acquisition,4350,0.354098157993867,0.409953222346887
0.05,0,acquisition,4400,0.3908936598495347,0.409953222346887
0.05,0,acquisition,4450,0.3475032243068562,0.409953222346887
0.05,0,acquisition,4500,0.3927551742072683,0.409953222346887
0.05,0,acquisition,4550,0.3766270094783976,0.409953222346887
0.05,0,acquisition,4600,0.379559316279483,0.409953222346887
0.05,0,acquisition,4650,0.4159927792334929,0.409953222346887
0.05,0,acquisition,4700,0.3552879618183942,0.409953222346887
0.05,0,acquisition,4750,0.4078907772013918,0.409953222346887
0.05,0,acquisition,4800,0.4079881077987374,0.409953222346887
0.05,0,acquisition,4850,0.4479778814507881,0.409953222346887
0.05,0,acquisition,4900,0.3817760710703441,0.409953222346887
0.05,0,acquisition,4950,0.3834835830691736,0.409953222346887
0.05,0,acquisition,5000,0.4513823913125088,0.409953222346887
0.05,0,acquisition,5050,0.3692623043188359,0.409953222346887
0.05,0,acquisition,5100,0.4000906515039969,0.409953222346887
0.05,0,acquisition,5150,0.355656697062659,0.409953222346887
0.05,0,acquisition,5200,0.4155646432831418,0.409953222346887
0.05,0,acquisition,5250,0.424331435933127,0.409953222346887
0.05,0,acquisition,5300,0.4526143730338663,0.409953222346887
0.05,0,acquisition,5350,0.3445741969055962,0.409953222346887
0.05,0,acquisition,5400,0.4357467626809375,0.409953222346887
0.05,0,acquisition,5450,0.4073298175702803,0.409953222346887
0.05,0,acquisition,5500,0.3401060517405858,0.409953222346887
0.05,0,acquisition,5550,0.3060927577124676,0.409953222346887
0.05,0,acquisition,5600,0.3977500743640121,0.409953222346887
0.05,0,acquisition,5650,0.4327810195740312,0.409953222346887
0.05,0,acquisition,5700,0.4342191048024688,0.409953222346887
0.05,0,acquisition,5750,0.3492396167799597,0.409953222346887
0.05,0,acquisition,5800,0.40221116354689,0.409953222346887
0.05,0,acquisition,5850,0.4635100942733697,0.4555406004693941
0.05,0,acquisition,5900,0.4475711066654185,0.4555406004693941
0.05,0,recovery,50,0.4153805633535375,0.4295802467255271
0.05,0,recovery,100,0.4437799300975166,0.4295802467255271
0.05,0,recovery,150,0.310305284751812,0.36394065072774534
0.05,0,recovery,200,0.3731819881824776,0.36394065072774534
0.05,0,recovery,250,0.3912686232145643,0.36394065072774534
0.05,0,recovery,300,0.3810067067621275,0.36394065072774534
0.05,0,recovery,350,0.310436408490641,0.35268378669260225
0.05,0,recovery,400,0.3929031578788999,0.35268378669260225
0.05,0,recovery,450,0.3547117937082658,0.35268378669260225
0.05,0,recovery,500,0.3215944602229865,0.3429737324067779
0.05,0,recovery,550,0.3573759483813774,0.3429737324067779
0.05,0,recovery,600,0.3499507886159699,0.3429737324067779
0.05,0,recovery,650,0.2788915867113974,0.3180125417098558
0.05,0,recovery,700,0.3302158083260292,0.3180125417098558
0.05,0,recovery,750,0.3449302300921408,0.3180125417098558
0.05,0,recovery,800,0.3003123374620918,0.31101761437393727
0.05,0,recovery,850,0.3200240510294679,0.31101761437393727
0.05,0,recovery,900,0.2993912732414901,0.31101761437393727
0.05,0,recovery,950,0.319641019841074,0.31101761437393727
0.05,0,recovery,1000,0.3157193902955623,0.31101761437393727
0.05,0,recovery,1050,0.2765238571440568,0.30889390289916524
0.05,0,recovery,1100,0.3280066318373428,0.30889390289916524
0.05,0,recovery,1150,0.2756300371018005,0.30889390289916524
0.05,0,recovery,1200,0.2971455801371485,0.30889390289916524
0.05,0,recovery,1250,0.3250152100983541,0.30889390289916524
0.05,0,recovery,1300,0.3303779199754353,0.30889390289916524
0.05,0,recovery,1350,0.3295580840000184,0.30889390289916524
0.05,0,recovery,1400,0.288366421298706,0.3056733010373136
0.05,0,recovery,1450,0.2698856083967257,0.3056733010373136
0.05,0,recovery,1500,0.3126875233132159,0.3056733010373136
0.05,0,recovery,1550,0.3517536511406069,0.3056733010373136
0.05,0,recovery,1600,0.2918865331681445,0.2941226117731172
0.05,0,recovery,1650,0.2510398856224492,0.2941226117731172
0.05,0,recovery,1700,0.3058638215489918,0.2941226117731172
0.05,0,recovery,1750,0.2893017499125562,0.2941226117731172
0.05,0,recovery,1800,0.3025101586402161,0.2941226117731172
0.05,0,recovery,1850,0.2904662499355618,0.2941226117731172
0.05,0,recovery,1900,0.288083048313274,0.2941226117731172
0.05,0,recovery,1950,0.2918619070819113,0.2941226117731172
0.05,0,recovery,2000,0.2532256521109957,0.2941226117731172
0.05,0,recovery,2050,0.2990968502260511,0.2941226117731172
0.05,0,recovery,2100,0.3649347794509958,0.2941226117731172
0.05,0,recovery,2150,0.2800219707679934,0.2941226117731172
0.05,0,recovery,2200,0.2796240635233698,0.2941226117731172
0.05,0,recovery,2250,0.3297998945211293,0.2941226117731172
0.05,0,recovery,2300,0.2275819800572935,0.2878221394333688
0.05,0,recovery,2350,0.2948965808004141,0.2878221394333688
0.05,0,recovery,2400,0.255063871628372,0.2878221394333688
0.05,0,recovery,2450,0.2540388055116637,0.2878221394333688
0.05,0,recovery,2500,0.251983947797562,0.2878221394333688
0.05,0,recovery,2550,0.2691552955808584,0.2878221394333688
0.05,0,recovery,2600,0.2971225911233341,0.2878221394333688
0.05,0,recovery,2650,0.3032743113132892,0.2878221394333688
0.05,0,recovery,2700,0.2673384517850354,0.2878221394333688
0.05,0,recovery,2750,0.3306785500870319,0.2878221394333688
0.05,0,recovery,2800,0.2864191478403518,0.2878221394333688
0.05,0,recovery,2850,0.3464417898928513,0.2878221394333688
0.05,0,recovery,2900,0.2951422955788439,0.2878221394333688
0.05,0,recovery,2950,0.2833291077759349,0.2878221394333688
0.05,0,recovery,3000,0.264083042939892,0.2878221394333688
0.05,0,recovery,3050,0.3060169532831059,0.2878221394333688
0.05,0,recovery,3100,0.2886490808910457,0.2878221394333688
0.05,0,recovery,3150,0.3288660697999876,0.2878221394333688
0.05,0,recovery,3200,0.2739612215384841,0.2878221394333688
0.05,0,recovery,3250,0.3178549598017707,0.2878221394333688
0.05,0,recovery,3300,0.3023668730736244,0.2878221394333688
0.05,0,recovery,3350,0.2593291976361069,0.2732124832720728
0.05,0,recovery,3400,0.2426573115517385,0.2732124832720728
0.05,0,recovery,3450,0.317650940628373,0.2732124832720728
0.05,0,recovery,3500,0.2639820221840637,0.26845258067012767
0.05,0,recovery,3550,0.2729231391561916,0.26845258067012767
0.05,0,recovery,3600,0.2409318690781947,0.26632437425311023
0.05,0,recovery,3650,0.1971765626693377,0.26632437425311023
0.05,0,recovery,3700,0.2021293051104294,0.26632437425311023
0.05,0,recovery,3750,0.3364347960351733,0.26632437425311023
0.05,0,recovery,3800,0.2992750208510552,0.26632437425311023
0.05,0,recovery,3850,0.2754039797239238,0.26632437425311023
0.05,0,recovery,3900,0.2766909283911809,0.26632437425311023
0.05,0,recovery,3950,0.2801600600889651,0.26632437425311023
0.05,0,recovery,4000,0.271872905845521,0.26632437425311023
0.05,0,recovery,4050,0.2721816052030772,0.26632437425311023
0.05,0,recovery,4100,0.2773110837873537,0.26632437425311023
0.05,0,recovery,4150,0.2486482887499733,0.2569533521532818
0.05,0,recovery,4200,0.2644575709331548,0.2569533521532818
0.05,0,recovery,4250,0.2216523541137576,0.2569533521532818
0.05,0,recovery,4300,0.2476041775598423,0.2569533521532818
0.05,0,recovery,4350,0.2799578194011701,0.2569533521532818
0.05,0,recovery,4400,0.2307317887846147,0.2569533521532818
0.05,0,recovery,4450,0.2237857825949322,0.2569533521532818
0.05,0,recovery,4500,0.273326077631209,0.2569533521532818
0.05,0,recovery,4550,0.2588102572161005,0.2569533521532818
0.05,0,recovery,4600,0.2153076264046831,0.2569533521532818
0.05,0,recovery,4650,0.2805612567963544,0.2569533521532818
0.05,0,recovery,4700,0.2729272666259203,0.2569533521532818
0.05,0,recovery,4750,0.2493626187194604,0.2569533521532818
0.05,0,recovery,4800,0.2490182543650735,0.2569533521532818
0.05,0,recovery,4850,0.2567527014826191,0.2569533521532818
0.05,0,recovery,4900,0.2338276893447619,0.2569533521532818
0.05,0,recovery,4950,0.2291369822650449,0.2569533521532818
0.05,0,recovery,5000,0.2503807560109999,0.2569533521532818
0.05,0,recovery,5050,0.2677728856838075,0.2569533521532818
0.05,0,recovery,5100,0.2548790538567118,0.2569533521532818
0.05,0,recovery,5150,0.2612062641530064,0.2569533521532818
0.05,0,recovery,5200,0.296302272316534,0.2569533521532818
0.05,0,recovery,5250,0.2536507091356907,0.2569533521532818
0.05,0,recovery,5300,0.2763348710082937,0.2569533521532818
0.05,0,recovery,5350,0.2414359530911315,0.2569533521532818
0.05,0,recovery,5400,0.2537505927175516,0.2569533521532818
0.05,0,recovery,5450,0.2713278528681258,0.2569533521532818
0.05,0,recovery,5500,0.2923362566722789,0.2569533521532818
0.05,0,recovery,5550,0.2496015944617101,0.2569533521532818
0.05,0,recovery,5600,0.3037529896339401,0.2569533521532818
0.05,0,recovery,5650,0.225275865062722,0.24366263318268466
0.05,0,recovery,5700,0.2134355884598335,0.24366263318268466
0.05,0,recovery,5750,0.2763051001052372,0.24366263318268466
0.05,0,recovery,5800,0.2596339791029459,0.24366263318268466
0.05,0,recovery,5850,0.2206244343315484,0.2206244343315484
0.05,0,recovery,5900,0.2178489883308066,0.2178489883308066
0.05,1,acquisition,50,0.137323056756868,0.137323056756868
0.05,1,acquisition,100,0.1564384346420411,0.1564384346420411
0.05,1,acquisition,150,0.1829297799989581,0.1829297799989581
0.05,1,acquisition,200,0.2707671024854062,0.2707671024854062
0.05,1,acquisition,250,0.3212543298426317,0.2981275680537025
0.05,1,acquisition,300,0.276440176370088,0.2981275680537025
0.05,1,acquisition,350,0.2966881979483878,0.2981275680537025
0.05,1,acquisition,400,0.301697379493853,0.301697379493853
0.05,1,acquisition,450,0.3784034023806453,0.3784034023806453
0.05,1,acquisition,500,0.4273855609027668,0.3921489448327985
0.05,1,acquisition,550,0.4428526821022387,0.3921489448327985
0.05,1,acquisition,600,0.3999392469279701,0.3921489448327985
0.05,1,acquisition,650,0.4012461353029357,0.3921489448327985
0.05,1,acquisition,700,0.4338759251317242,0.3921489448327985
0.05,1,acquisition,750,0.3838014518423006,0.3921489448327985
0.05,1,acquisition,800,0.3260964821826201,0.3921489448327985
0.05,1,acquisition,850,0.3503406547295162,0.3921489448327985
0.05,1,acquisition,900,0.363802364373114,0.3921489448327985
0.05,1,acquisition,950,0.4029039946454577,0.4029039946454577
0.05,1,acquisition,1000,0.51717376759334,0.41483323714004444
0.05,1,acquisition,1050,0.3539155519066844,0.41483323714004444
0.05,1,acquisition,1100,0.4132292383897584,0.41483323714004444
0.05,1,acquisition,1150,0.5021047999517759,0.41483323714004444
0.05,1,acquisition,1200,0.4427073482720879,0.41483323714004444
0.05,1,acquisition,1250,0.5266841518273577,0.41483323714004444
0.05,1,acquisition,1300,0.4466946096648462,0.41483323714004444
0.05,1,acquisition,1350,0.4377994347130879,0.41483323714004444
0.05,1,acquisition,1400,0.449799474014435,0.41483323714004444
0.05,1,acquisition,1450,0.3432764273328939,0.41483323714004444
0.05,1,acquisition,1500,0.4409839811007259,0.41483323714004444
0.05,1,acquisition,1550,0.4884902877517743,0.41483323714004444
0.05,1,acquisition,1600,0.4474542692408431,0.41483323714004444
0.05,1,acquisition,1650,0.4512809394608484,0.41483323714004444
0.05,1,acquisition,1700,0.4402686438767705,0.41483323714004444
0.05,1,acquisition,1750,0.3553194817871554,0.41483323714004444
0.05,1,acquisition,1800,0.3500285316933877,0.41483323714004444
0.05,1,acquisition,1850,0.3694903014798183,0.41483323714004444
0.05,1,acquisition,1900,0.4343862326128874,0.41483323714004444
0.05,1,acquisition,1950,0.3892926602781517,0.41483323714004444
0.05,1,acquisition,2000,0.4421098433091538,0.41483323714004444
0.05,1,acquisition,2050,0.4093441494746366,0.41483323714004444
0.05,1,acquisition,2100,0.4479914112621918,0.41483323714004444
0.05,1,acquisition,2150,0.4487070432631299,0.41483323714004444
0.05,1,acquisition,2200,0.4822030915541109,0.41483323714004444
0.05,1,acquisition,2250,0.4790880409348756,0.41483323714004444
0.05,1,acquisition,2300,0.4333589915122138,0.41483323714004444
0.05,1,acquisition,2350,0.3880925564619247,0.41483323714004444
0.05,1,acquisition,2400,0.3921874715603189,0.41483323714004444
0.05,1,acquisition,2450,0.3640462073247181,0.41483323714004444
0.05,1,acquisition,2500,0.4273253531503724,0.41483323714004444
0.05,1,acquisition,2550,0.3985160491411807,0.41483323714004444
0.05,1,acquisition,2600,0.325767395820585,0.41483323714004444
0.05,1,acquisition,2650,0.3577803135063732,0.41483323714004444
0.05,1,acquisition,2700,0.3924589100299636,0.41483323714004444
0.05,1,acquisition,2750,0.4183819288032828,0.41483323714004444
0.05,1,acquisition,2800,0.3591217479499755,0.41483323714004444
0.05,1,acquisition,2850,0.3524237021408044,0.41483323714004444
0.05,1,acquisition,2900,0.3850147562776692,0.41483323714004444
0.05,1,acquisition,2950,0.4346088034991408,0.41483323714004444
0.05,1,acquisition,3000,0.4085604160907678,0.41483323714004444
0.05,1,acquisition,3050,0.4323709108610638,0.41483323714004444
0.05,1,acquisition,3100,0.4357287778257159,0.41483323714004444
0.05,1,acquisition,3150,0.4164143177005462,0.41483323714004444
0.05,1,acquisition,3200,0.4474356593406992,0.41483323714004444
0.05,1,acquisition,3250,0.4286987674597185,0.41483323714004444
0.05,1,acquisition,3300,0.3942391472315648,0.41483323714004444
0.05,1,acquisition,3350,0.384200698902132,0.41483323714004444
0.05,1,acquisition,3400,0.3820719934528461,0.41483323714004444
0.05,1,acquisition,3450,0.4162372828222578,0.41483323714004444
0.05,1,acquisition,3500,0.4034181964519666,0.41483323714004444
0.05,1,acquisition,3550,0.4815234427928226,0.41483323714004444
0.05,1,acquisition,3600,0.409207740650163,0.41483323714004444
0.05,1,acquisition,3650,0.3864146020740736,0.41483323714004444
0.05,1,acquisition,3700,0.5027747906290461,0.41483323714004444
0.05,1,acquisition,3750,0.4188859683932969,0.41483323714004444
0.05,1,acquisition,3800,0.422460571831325,0.41483323714004444
0.05,1,acquisition,3850,0.4072310522879707,0.41483323714004444
0.05,1,acquisition,3900,0.375045339979697,0.41483323714004444
0.05,1,acquisition,3950,0.4558173192152753,0.41483323714004444
0.05,1,acquisition,4000,0.4515654216648545,0.41483323714004444
0.05,1,acquisition,4050,0.3949727581394836,0.41483323714004444
0.05,1,acquisition,4100,0.4326393689133692,0.41483323714004444
0.05,1,acquisition,4150,0.4466938086488517,0.41483323714004444
0.05,1,acquisition,4200,0.4519748858554521,0.41483323714004444
0.05,1,acquisition,4250,0.4274611105740769,0.41483323714004444
0.05,1,acquisition,4300,0.3908717685804004,0.41483323714004444
0.05,1,acquisition,4350,0.4350108719698619,0.41483323714004444
0.05,1,acquisition,4400,0.3828093644202454,0.41483323714004444
0.05,1,acquisition,4450,0.4691576596361119,0.41483323714004444
0.05,1,acquisition,4500,0.4419445091072703,0.41483323714004444
0.05,1,acquisition,4550,0.3898678489832673,0.41483323714004444
0.05,1,acquisition,4600,0.3238060564739862,0.41483323714004444
0.05,1,acquisition,4650,0.4386857262608828,0.41483323714004444
0.05,1,acquisition,4700,0.3633765580254839,0.41483323714004444
0.05,1,acquisition,4750,0.4351530161756091,0.41483323714004444
0.05,1,acquisition,4800,0.4292255187832052,0.41483323714004444
0.05,1,acquisition,4850,0.3643457008554833,0.41483323714004444
0.05,1,acquisition,4900,0.3836700654792366,0.41483323714004444
0.05,1,acquisition,4950,0.3575171215157025,0.41483323714004444
0.05,1,acquisition,5000,0.3640215709561016,0.41483323714004444
0.05,1,acquisition,5050,0.4154691417893628,0.41483323714004444
0.05,1,acquisition,5100,0.388534348954563,0.41483323714004444
0.05,1,acquisition,5150,0.4146955976280151,0.41483323714004444
0.05,1,acquisition,5200,0.4442703609354794,0.41483323714004444
0.05,1,acquisition,5250,0.3873219147988129,0.41483323714004444
0.05,1,acquisition,5300,0.4484169588220538,0.41483323714004444
0.05,1,acquisition,5350,0.3758577981695998,0.41483323714004444
0.05,1,acquisition,5400,0.4131872801715508,0.41483323714004444
0.05,1,acquisition,5450,0.3913094147545052,0.41483323714004444
0.05,1,acquisition,5500,0.402170833623386,0.41483323714004444
0.05,1,acquisition,5550,0.4714988323167199,0.41483323714004444
0.05,1,acquisition,5600,0.4379575592209585,0.41483323714004444
0.05,1,acquisition,5650,0.376063337335363,0.41483323714004444
0.05,1,acquisition,5700,0.4121829305839492,0.41483323714004444
0.05,1,acquisition,5750,0.4328668603149708,0.41483323714004444
0.05,1,acquisition,5800,0.408575437401305,0.41483323714004444
0.05,1,acquisition,5850,0.3541544761153636,0.41483323714004444
0.05,1,acquisition,5900,0.3715417869912926,0.41483323714004444
0.05,1,recovery,50,0.3947766001877608,0.3947766001877608
0.05,1,recovery,100,0.3710959845298203,0.3710959845298203
0.05,1,recovery,150,0.3625334592169383,0.36600149916252117
0.05,1,recovery,200,0.3689800970605574,0.36600149916252117
0.05,1,recovery,250,0.3664909412100678,0.36600149916252117
0.05,1,recovery,300,0.3342904921900481,0.3438976839984145
0.05,1,recovery,350,0.3117667180782882,0.3438976839984145
0.05,1,recovery,400,0.3449287691997597,0.3438976839984145
0.05,1,recovery,450,0.3399203809502069,0.3438976839984145
0.05,1,recovery,500,0.3694896531000268,0.3438976839984145
0.05,1,recovery,550,0.362990090472158,0.3438976839984145
0.05,1,recovery,600,0.320766726542497,0.320766726542497
0.05,1,recovery,650,0.2638696534698829,0.3054830845005702
0.05,1,recovery,700,0.2963467131851939,0.3054830845005702
0.05,1,recovery,750,0.3103490653232438,0.3054830845005702
0.05,1,recovery,800,0.3062264516408322,0.3054830845005702
0.05,1,recovery,850,0.3009470966330264,0.3054830845005702
0.05,1,recovery,900,0.322256647105678,0.3054830845005702
0.05,1,recovery,950,0.2870270961424103,0.3054830845005702
0.05,1,recovery,1000,0.3250404105783673,0.3054830845005702
0.05,1,recovery,1050,0.3000831171055324,0.3054830845005702
0.05,1,recovery,1100,0.3394277876475826,0.3054830845005702
0.05,1,recovery,1150,0.305476240182179,0.3054830845005702
0.05,1,recovery,1200,0.2867274203361012,0.3054830845005702
0.05,1,recovery,1250,0.3275023991573835,0.3054830845005702
0.05,1,recovery,1300,0.2898528046865249,0.2898528046865249
0.05,1,recovery,1350,0.2671248235442908,0.27870909004106315
0.05,1,recovery,1400,0.2448688001919072,0.27870909004106315
0.05,1,recovery,1450,0.2806195305276196,0.27870909004106315
0.05,1,recovery,1500,0.2723557744023855,0.27870909004106315
0.05,1,recovery,1550,0.2545141257689101,0.27870909004106315
0.05,1,recovery,1600,0.3117286673292983,0.27870909004106315
0.05,1,recovery,1650,0.3197519085230306,0.27870909004106315
0.05,1,recovery,1700,0.2753837405261584,0.278279034475272
0.05,1,recovery,1750,0.2459169253730215,0.278279034475272
0.05,1,recovery,1800,0.2429901104239979,0.278279034475272
0.05,1,recovery,1850,0.3488253615779104,0.278279034475272
0.05,1,recovery,1900,0.2586546860454837,0.2698077249086539
0.05,1,recovery,1950,0.2262428907508729,0.2698077249086539
0.05,1,recovery,2000,0.2923630068899365,0.2698077249086539
0.05,1,recovery,2050,0.2922319288534345,0.2698077249086539
0.05,1,recovery,2100,0.2201180221751565,0.2698077249086539
0.05,1,recovery,2150,0.249464851814555,0.2698077249086539
0.05,1,recovery,2200,0.2943905916425865,0.2698077249086539
0.05,1,recovery,2250,0.3006809085147688,0.2698077249086539
0.05,1,recovery,2300,0.2941226374910911,0.2698077249086539
0.05,1,recovery,2350,0.2683045447606128,0.2683045447606128
0.05,1,recovery,2400,0.2189993895497173,0.25823438551873545
0.05,1,recovery,2450,0.2524284081632504,0.25823438551873545
0.05,1,recovery,2500,0.2681553363701096,0.25823438551873545
0.05,1,recovery,2550,0.2375131355214398,0.25823438551873545
0.05,1,recovery,2600,0.249142677890486,0.25823438551873545
0.05,1,recovery,2650,0.2458666566456668,0.25823438551873545
0.05,1,recovery,2700,0.2837875236314721,0.25823438551873545
0.05,1,recovery,2750,0.3099819563777419,0.25823438551873545
0.05,1,recovery,2800,0.2468138565146364,0.25051579140592367
0.05,1,recovery,2850,0.2485172971361317,0.25051579140592367
0.05,1,recovery,2900,0.2562162205670029,0.25051579140592367
0.05,1,recovery,2950,0.2302594581723679,0.2504452249993214
0.05,1,recovery,3000,0.2318860166764352,0.2504452249993214
0.05,1,recovery,3050,0.2409090640675276,0.2504452249993214
0.05,1,recovery,3100,0.213848022071761,0.2504452249993214
0.05,1,recovery,3150,0.2444125504046678,0.2504452249993214
0.05,1,recovery,3200,0.2876219641551142,0.2504452249993214
0.05,1,recovery,3250,0.2614822174527216,0.2504452249993214
0.05,1,recovery,3300,0.2419637033366598,0.2504452249993214
0.05,1,recovery,3350,0.2347385332023259,0.2504452249993214
0.05,1,recovery,3400,0.2517757763218833,0.2504452249993214
0.05,1,recovery,3450,0.2695985585608287,0.2504452249993214
0.05,1,recovery,3500,0.2403640926245134,0.2504452249993214
0.05,1,recovery,3550,0.2391789752570912,0.2504452249993214
0.05,1,recovery,3600,0.2215222451172303,0.2504452249993214
0.05,1,recovery,3650,0.2528466969745932,0.2504452249993214
0.05,1,recovery,3700,0.238931532560382,0.2504452249993214
0.05,1,recovery,3750,0.2616916180006228,0.2504452249993214
0.05,1,recovery,3800,0.2748039219423663,0.2504452249993214
0.05,1,recovery,3850,0.3206243280880153,0.2504452249993214
0.05,1,recovery,3900,0.2289137427415698,0.24666843116220352
0.05,1,recovery,3950,0.2362299191579222,0.24666843116220352
0.05,1,recovery,4000,0.2377153642807388,0.24666843116220352
0.05,1,recovery,4050,0.2398397025547456,0.24666843116220352
0.05,1,recovery,4100,0.2452230299537768,0.24666843116220352
0.05,1,recovery,4150,0.2161793987755663,0.24666843116220352
0.05,1,recovery,4200,0.2614326532388804,0.24666843116220352
0.05,1,recovery,4250,0.2625985590164783,0.24666843116220352
0.05,1,recovery,4300,0.264714273243444,0.24666843116220352
0.05,1,recovery,4350,0.2535455180122517,0.24666843116220352
0.05,1,recovery,4400,0.2226340113731567,0.24666843116220352
0.05,1,recovery,4450,0.290995001597912,0.24666843116220352
0.05,1,recovery,4500,0.2096054050751263,0.23296730159115717
0.05,1,recovery,4550,0.2540958275698358,0.23296730159115717
0.05,1,recovery,4600,0.1936935405206168,0.23296730159115717
0.05,1,recovery,4650,0.2110042885749135,0.23296730159115717
0.05,1,recovery,4700,0.2380937456211541,0.23296730159115717
0.05,1,recovery,4750,0.2131092087691649,0.23296730159115717
0.05,1,recovery,4800,0.2225278479454573,0.23296730159115717
0.05,1,recovery,4850,0.2386482745729154,0.23296730159115717
0.05,1,recovery,4900,0.2099830131675116,0.23296730159115717
0.05,1,recovery,4950,0.269563847319805,0.23296730159115717
0.05,1,recovery,5000,0.2388586864958051,0.23296730159115717
0.05,1,recovery,5050,0.2341624728002352,0.23296730159115717
0.05,1,recovery,5100,0.218400421096594,0.23296730159115717
0.05,1,recovery,5150,0.235085315167089,0.23296730159115717
0.05,1,recovery,5200,0.2559538656560471,0.23296730159115717
0.05,1,recovery,5250,0.2314165604225127,0.23296730159115717
0.05,1,recovery,5300,0.2478931384929455,0.23296730159115717
0.05,1,recovery,5350,0.2713159693730995,0.23296730159115717
0.05,1,recovery,5400,0.2285895157902268,0.2285895157902268
0.05,1,recovery,5450,0.2163173544988967,0.22719113228318744
0.05,1,recovery,5500,0.2380649100674782,0.22719113228318744
0.05,1,recovery,5550,0.2028589456580812,0.22440146180393641
0.05,1,recovery,5600,0.1741526884317863,0.22440146180393641
0.05,1,recovery,5650,0.2186308753350749,0.22440146180393641
0.05,1,recovery,5700,0.261919306126656,0.22440146180393641
0.05,1,recovery,5750,0.2453882230113959,0.22440146180393641
0.05,1,recovery,5800,0.2377847762900637,0.22440146180393641
0.05,1,recovery,5850,0.2299774369271472,0.22440146180393641
0.05,1,recovery,5900,0.2244994426512858,0.22440146180393641
0.05,2,acquisition,50,0.1312571327463956,0.1312571327463956
0.05,2,acquisition,100,0.1838572188670514,0.1838572188670514
0.05,2,acquisition,150,0.2654839621385326,0.2654839621385326
0.05,2,acquisition,200,0.3400437159446301,0.30289724887212893
0.05,2,acquisition,250,0.273752525546588,0.30289724887212893
0.05,2,acquisition,300,0.2948955051251687,0.30289724887212893
0.05,2,acquisition,350,0.3717947146994993,0.36326629831164614
0.05,2,acquisition,400,0.3547378819237929,0.36326629831164614
0.05,2,acquisition,450,0.3961601436714408,0.36795540953020095
0.05,2,acquisition,500,0.3890695713553577,0.36795540953020095
0.05,2,acquisition,550,0.3228523804951692,0.36795540953020095
0.05,2,acquisition,600,0.3689108025666792,0.36795540953020095
0.05,2,acquisition,650,0.3627841495623579,0.36795540953020095
0.05,2,acquisition,700,0.4483623561722925,0.3853996047668624
0.05,2,acquisition,750,0.3224368533614324,0.3853996047668624
0.05,2,acquisition,800,0.4595486184785841,0.39889906633587086
0.05,2,acquisition,850,0.4218874978570966,0.39889906633587086
0.05,2,acquisition,900,0.3573440762498648,0.39889906633587086
0.05,2,acquisition,950,0.3714473104436183,0.39889906633587086
0.05,2,acquisition,1000,0.4323058269073954,0.39889906633587086
0.05,2,acquisition,1050,0.4680107522656908,0.39889906633587086
0.05,2,acquisition,1100,0.4133133004739647,0.39889906633587086
0.05,2,acquisition,1150,0.5229590476962039,0.39889906633587086
0.05,2,acquisition,1200,0.3817994366493076,0.39889906633587086
0.05,2,acquisition,1250,0.3811195380514254,0.39889906633587086
0.05,2,acquisition,1300,0.3727612731215777,0.39889906633587086
0.05,2,acquisition,1350,0.4325404159550089,0.39889906633587086
0.05,2,acquisition,1400,0.3260846580460202,0.39889906633587086
0.05,2,acquisition,1450,0.3898846460756613,0.39889906633587086
0.05,2,acquisition,1500,0.4135773065994726,0.39889906633587086
0.05,2,acquisition,1550,0.3588793913839618,0.39889906633587086
0.05,2,acquisition,1600,0.4535521289129974,0.39889906633587086
0.05,2,acquisition,1650,0.3501011175039457,0.39889906633587086
0.05,2,acquisition,1700,0.3372776498435996,0.39889906633587086
0.05,2,acquisition,1750,0.3675082495500101,0.39889906633587086
0.05,2,acquisition,1800,0.4392113211977994,0.39889906633587086
0.05,2,acquisition,1850,0.4082212227978744,0.39889906633587086
0.05,2,acquisition,1900,0.4117785353120416,0.39889906633587086
0.05,2,acquisition,1950,0.3381158623757073,0.39889906633587086
0.05,2,acquisition,2000,0.3633473351458087,0.39889906633587086
0.05,2,acquisition,2050,0.4058575998136075,0.39889906633587086
0.05,2,acquisition,2100,0.3918406723602675,0.39889906633587086
0.05,2,acquisition,2150,0.4535268692550016,0.39960334190904784
0.05,2,acquisition,2200,0.3549823182559339,0.39960334190904784
0.05,2,acquisition,2250,0.3903008382162079,0.39960334190904784
0.05,2,acquisition,2300,0.402959698223276,0.402959698223276
0.05,2,acquisition,2350,0.4395315556356218,0.415972131150653
0.05,2,acquisition,2400,0.5149118282558629,0.415972131150653
0.05,2,acquisition,2450,0.4888748437660979,0.415972131150653
0.05,2,acquisition,2500,0.4583174054947448,0.415972131150653
0.05,2,acquisition,2550,0.4080181497224839,0.415972131150653
0.05,2,acquisition,2600,0.3777841692592483,0.415972131150653
0.05,2,acquisition,2650,0.4981586808490101,0.415972131150653
0.05,2,acquisition,2700,0.4187845697969897,0.415972131150653
0.05,2,acquisition,2750,0.4761970358079997,0.415972131150653
0.05,2,acquisition,2800,0.3614689305517822,0.415972131150653
0.05,2,acquisition,2850,0.4278090580744901,0.415972131150653
0.05,2,acquisition,2900,0.3299838334240485,0.415972131150653
0.05,2,acquisition,2950,0.4640972605504794,0.415972131150653
0.05,2,acquisition,3000,0.4066603270178893,0.415972131150653
0.05,2,acquisition,3050,0.4712738688488025,0.415972131150653
0.05,2,acquisition,3100,0.4454278242454165,0.415972131150653
0.05,2,acquisition,3150,0.424888274219702,0.415972131150653
0.05,2,acquisition,3200,0.3595080022461479,0.415972131150653
0.05,2,acquisition,3250,0.3986376147356349,0.415972131150653
0.05,2,acquisition,3300,0.415223930295906,0.415972131150653
0.05,2,acquisition,3350,0.4345417478994932,0.415972131150653
0.05,2,acquisition,3400,0.3687339053367032,0.415972131150653
0.05,2,acquisition,3450,0.3429433813533978,0.415972131150653
0.05,2,acquisition,3500,0.3924820667179301,0.415972131150653
0.05,2,acquisition,3550,0.35600210427423,0.415972131150653
0.05,2,acquisition,3600,0.4537114890001248,0.415972131150653
0.05,2,acquisition,3650,0.4047108709585154,0.415972131150653
0.05,2,acquisition,3700,0.4019654862530297,0.415972131150653
0.05,2,acquisition,3750,0.4747393453121185,0.415972131150653
0.05,2,acquisition,3800,0.4627983658190351,0.415972131150653
0.05,2,acquisition,3850,0.3640874801645987,0.415972131150653
0.05,2,acquisition,3900,0.4548767632222734,0.415972131150653
0.05,2,acquisition,3950,0.4121744413807755,0.415972131150653
0.05,2,acquisition,4000,0.4050753148924559,0.415972131150653
0.05,2,acquisition,4050,0.3913843053975142,0.415972131150653
0.05,2,acquisition,4100,0.4170320909668226,0.415972131150653
0.05,2,acquisition,4150,0.3749705577362329,0.415972131150653
0.05,2,acquisition,4200,0.4699579132185317,0.415972131150653
0.05,2,acquisition,4250,0.466776860015234,0.415972131150653
0.05,2,acquisition,4300,0.4234523068950511,0.415972131150653
0.05,2,acquisition,4350,0.4088727772759739,0.415972131150653
0.05,2,acquisition,4400,0.4130363031855086,0.415972131150653
0.05,2,acquisition,4450,0.402011480210931,0.415972131150653
0.05,2,acquisition,4500,0.4162474187428597,0.415972131150653
0.05,2,acquisition,4550,0.3889788292220328,0.415972131150653
0.05,2,acquisition,4600,0.3886450197012163,0.415972131150653
0.05,2,acquisition,4650,0.3653596572752576,0.415972131150653
0.05,2,acquisition,4700,0.3689800582610769,0.415972131150653
0.05,2,acquisition,4750,0.4734727351425681,0.415972131150653
0.05,2,acquisition,4800,0.4375098942423938,0.415972131150653
0.05,2,acquisition,4850,0.3778775688324822,0.415972131150653
0.05,2,acquisition,4900,0.4774684355349745,0.415972131150653
0.05,2,acquisition,4950,0.3964151170867262,0.415972131150653
0.05,2,acquisition,5000,0.431334350106772,0.415972131150653
0.05,2,acquisition,5050,0.4450865666085156,0.415972131150653
0.05,2,acquisition,5100,0.4691883126256289,0.415972131150653
0.05,2,acquisition,5150,0.3372519702586578,0.415972131150653
0.05,2,acquisition,5200,0.3992103787296219,0.415972131150653
0.05,2,acquisition,5250,0.3758292239054572,0.415972131150653
0.05,2,acquisition,5300,0.4721565178449964,0.415972131150653
0.05,2,acquisition,5350,0.40960427476326,0.415972131150653
0.05,2,acquisition,5400,0.3565489938750397,0.415972131150653
0.05,2,acquisition,5450,0.4486371659097494,0.415972131150653
0.05,2,acquisition,5500,0.3714401226973859,0.415972131150653
0.05,2,acquisition,5550,0.4200949397083605,0.415972131150653
0.05,2,acquisition,5600,0.3770225384575315,0.415972131150653
0.05,2,acquisition,5650,0.3838781772763468,0.415972131150653
0.05,2,acquisition,5700,0.4246927195374155,0.4208270459594205
0.05,2,acquisition,5750,0.4991186510643456,0.4208270459594205
0.05,2,acquisition,5800,0.3730616296414519,0.4208270459594205
0.05,2,acquisition,5850,0.4121731078380253,0.4208270459594205
0.05,2,acquisition,5900,0.3950891217158642,0.4208270459594205
0.05,2,recovery,50,0.4871447272301884,0.4871447272301884
0.05,2,recovery,100,0.3785241636430146,0.3903740929696748
0.05,2,recovery,150,0.3606367752392543,0.3903740929696748
0.05,2,recovery,200,0.3631141266837949,0.3903740929696748
0.05,2,recovery,250,0.4307851934083737,0.3903740929696748
0.05,2,recovery,300,0.4054820197535446,0.3903740929696748
0.05,2,recovery,350,0.4037022790900664,0.3903740929696748
0.05,2,recovery,400,0.3647746898001059,0.38347661718755255
0.05,2,recovery,450,0.4021785445749992,0.38347661718755255
0.05,2,recovery,500,0.3574858485837467,0.3804979919673254
0.05,2,recovery,550,0.389078717798111,0.3804979919673254
0.05,2,recovery,600,0.3949294095201185,0.3804979919673254
0.05,2,recovery,650,0.2809350226126844,0.3495775335320892
0.05,2,recovery,700,0.4053708020126214,0.3495775335320892
0.05,2,recovery,750,0.3261879194632638,0.3495775335320892
0.05,2,recovery,800,0.3552625682705547,0.3495775335320892
0.05,2,recovery,850,0.3542650004796451,0.3495775335320892
0.05,2,recovery,900,0.3754438883537659,0.3495775335320892
0.05,2,recovery,950,0.3201167728548171,0.3455132639710792
0.05,2,recovery,1000,0.3709097550873412,0.3455132639710792
0.05,2,recovery,1050,0.3258676557836588,0.34494241604552367
0.05,2,recovery,1100,0.3640171763073885,0.34494241604552367
0.05,2,recovery,1150,0.2798927601781906,0.3286702590075072
0.05,2,recovery,1200,0.3402274759724969,0.3286702590075072
0.05,2,recovery,1250,0.2997021107183537,0.3286702590075072
0.05,2,recovery,1300,0.3125306844670558,0.3286702590075072
0.05,2,recovery,1350,0.3250056067685364,0.3286702590075072
0.05,2,recovery,1400,0.2855204544164007,0.3286702590075072
0.05,2,recovery,1450,0.3750654776260489,0.3286702590075072
0.05,2,recovery,1500,0.3499330767203355,0.3286702590075072
0.05,2,recovery,1550,0.3245838586176978,0.3286702590075072
0.05,2,recovery,1600,0.3312606771063292,0.3286702590075072
0.05,2,recovery,1650,0.3314566720678704,0.3286702590075072
0.05,2,recovery,1700,0.3410488109098514,0.3286702590075072
0.05,2,recovery,1750,0.3055871923506493,0.3286702590075072
0.05,2,recovery,1800,0.3542160109803081,0.3286702590075072
0.05,2,recovery,1850,0.2686577706894604,0.3286702590075072
0.05,2,recovery,1900,0.3534718364331638,0.3286702590075072
0.05,2,recovery,1950,0.2899336966045666,0.3286702590075072
0.05,2,recovery,2000,0.3121086690941592,0.3286702590075072
0.05,2,recovery,2050,0.3590752605372108,0.3286702590075072
0.05,2,recovery,2100,0.3088268110499484,0.3286702590075072
0.05,2,recovery,2150,0.3372770353243686,0.3286702590075072
0.05,2,recovery,2200,0.3513249996455851,0.3286702590075072
0.05,2,recovery,2250,0.4194537637621397,0.3286702590075072
0.05,2,recovery,2300,0.3273544604441849,0.3286702590075072
0.05,2,recovery,2350,0.3285247515310766,0.3286702590075072
0.05,2,recovery,2400,0.2928017307276604,0.3286702590075072
0.05,2,recovery,2450,0.3692553384590428,0.3286702590075072
0.05,2,recovery,2500,0.2996771348844049,0.3141872575546343
0.05,2,recovery,2550,0.288593784305267,0.3141872575546343
0.05,2,recovery,2600,0.3260015809856122,0.3141872575546343
0.05,2,recovery,2650,0.3024179599905619,0.3141872575546343
0.05,2,recovery,2700,0.315153873845702,0.3141872575546343
0.05,2,recovery,2750,0.3532792113162577,0.3141872575546343
0.05,2,recovery,2800,0.2217784203379414,0.2957709880890296
0.05,2,recovery,2850,0.2968905130797066,0.2957709880890296
0.05,2,recovery,2900,0.3115646885824389,0.2957709880890296
0.05,2,recovery,2950,0.2480661727295955,0.2957709880890296
0.05,2,recovery,3000,0.3085603505664039,0.2957709880890296
0.05,2,recovery,3050,0.3005314937478397,0.2957709880890296
0.05,2,recovery,3100,0.3331763089029118,0.2957709880890296
0.05,2,recovery,3150,0.276154959424166,0.2957709880890296
0.05,2,recovery,3200,0.3093363466532901,0.2957709880890296
0.05,2,recovery,3250,0.3255747356702341,0.2957709880890296
0.05,2,recovery,3300,0.2571382524835644,0.2957709880890296
0.05,2,recovery,3350,0.2640638779953588,0.2957709880890296
0.05,2,recovery,3400,0.2349284697294933,0.2957709880890296
0.05,2,recovery,3450,0.301483102873899,0.2957709880890296
0.05,2,recovery,3500,0.3217632074194261,0.2957709880890296
0.05,2,recovery,3550,0.270099092265591,0.2957709880890296
0.05,2,recovery,3600,0.2683478441258194,0.2957709880890296
0.05,2,recovery,3650,0.3128921969182556,0.2957709880890296
0.05,2,recovery,3700,0.3213860286650015,0.2957709880890296
0.05,2,recovery,3750,0.2882796354766469,0.2957709880890296
0.05,2,recovery,3800,0.2703428232547594,0.2957709880890296
0.05,2,recovery,3850,0.3099048266443424,0.2957709880890296
0.05,2,recovery,3900,0.349825209917617,0.2957709880890296
0.05,2,recovery,3950,0.2686428186821286,0.2957709880890296
0.05,2,recovery,4000,0.2882632908062078,0.2957709880890296
0.05,2,recovery,4050,0.281031811707071,0.2957709880890296
0.05,2,recovery,4100,0.3690388084040023,0.2957709880890296
0.05,2,recovery,4150,0.3397677280189237,0.2957709880890296
0.05,2,recovery,4200,0.2990697686059866,0.2957709880890296
0.05,2,recovery,4250,0.2528361209778814,0.2957709880890296
0.05,2,recovery,4300,0.31554990146833,0.2957709880890296
0.05,2,recovery,4350,0.2613190684228902,0.2957709880890296
0.05,2,recovery,4400,0.3292573604389326,0.2957709880890296
0.05,2,recovery,4450,0.2852753995533567,0.2957709880890296
0.05,2,recovery,4500,0.3201507176680024,0.2957709880890296
0.05,2,recovery,4550,0.3031244719255482,0.2957709880890296
0.05,2,recovery,4600,0.3217198339512106,0.2957709880890296
0.05,2,recovery,4650,0.2512064526980975,0.2957709880890296
0.05,2,recovery,4700,0.2739825665642275,0.2957709880890296
0.05,2,recovery,4750,0.3340047419333132,0.2957709880890296
0.05,2,recovery,4800,0.3302810923598008,0.2957709880890296
0.05,2,recovery,4850,0.2833937321382109,0.28841480526164204
0.05,2,recovery,4900,0.2542301007197238,0.28841480526164204
0.05,2,recovery,4950,0.3051937338645802,0.28841480526164204
0.05,2,recovery,5000,0.2851074379234342,0.28841480526164204
0.05,2,recovery,5050,0.2940405767137417,0.28841480526164204
0.05,2,recovery,5100,0.2989039074949687,0.28841480526164204
0.05,2,recovery,5150,0.2451880362007068,0.28841480526164204
0.05,2,recovery,5200,0.2792444899346447,0.28841480526164204
0.05,2,recovery,5250,0.2724460978608112,0.28841480526164204
0.05,2,recovery,5300,0.2638962929870467,0.28841480526164204
0.05,2,recovery,5350,0.3550528529321309,0.28841480526164204
0.05,2,recovery,5400,0.3085460327385226,0.28841480526164204
0.05,2,recovery,5450,0.3041491768928244,0.28841480526164204
0.05,2,recovery,5500,0.2754299275641096,0.2828400906265181
0.05,2,recovery,5550,0.2544389514363138,0.2828400906265181
0.05,2,recovery,5600,0.247711822190904,0.2828400906265181
0.05,2,recovery,5650,0.2806387989845825,0.2828400906265181
0.05,2,recovery,5700,0.284078878624714,0.2828400906265181
0.05,2,recovery,5750,0.3224290954112075,0.2828400906265181
0.05,2,recovery,5800,0.3151531601737952,0.2828400906265181
0.05,2,recovery,5850,0.272254472708446,0.272254472708446
0.05,2,recovery,5900,0.2598902968288166,0.2598902968288166
0.1,0,acquisition,50,0.169516033718246,0.169516033718246
0.1,0,acquisition,100,0.274213212687755,0.274213212687755
0.1,0,acquisition,150,0.3038739473005989,0.3038739473005989
0.1,0,acquisition,200,0.4173699018382467,0.3861966893168365
0.1,0,acquisition,250,0.4035282276605721,0.3861966893168365
0.1,0,acquisition,300,0.4209302203846164,0.3861966893168365
0.1,0,acquisition,350,0.3981164927181089,0.3861966893168365
0.1,0,acquisition,400,0.4912628611730179,0.3861966893168365
0.1,0,acquisition,450,0.369863531141309,0.3861966893168365
0.1,0,acquisition,500,0.3549928719247691,0.3861966893168365
0.1,0,acquisition,550,0.4317428382206708,0.3861966893168365
0.1,0,acquisition,600,0.3450820287654642,0.3861966893168365
0.1,0,acquisition,650,0.3470139070006553,0.3861966893168365
0.1,0,acquisition,700,0.3204167871532263,0.3861966893168365
0.1,0,acquisition,750,0.3548684694000985,0.3861966893168365
0.1,0,acquisition,800,0.3983976050466299,0.3861966893168365
0.1,0,acquisition,850,0.3531679080083267,0.3861966893168365
0.1,0,acquisition,900,0.4196086880023358,0.3906155108081293
0.1,0,acquisition,950,0.3616223336139228,0.3906155108081293
0.1,0,acquisition,1000,0.4240159136068541,0.40063044683976196
0.1,0,acquisition,1050,0.4219120549864601,0.40063044683976196
0.1,0,acquisition,1100,0.3588385793857742,0.40063044683976196
0.1,0,acquisition,1150,0.4791329231578857,0.40063044683976196
0.1,0,acquisition,1200,0.4229177554522175,0.40063044683976196
0.1,0,acquisition,1250,0.3984705474646762,0.40063044683976196
0.1,0,acquisition,1300,0.3380629778263392,0.40063044683976196
0.1,0,acquisition,1350,0.5279994218418141,0.40063044683976196
0.1,0,acquisition,1400,0.3443480970116798,0.40063044683976196
0.1,0,acquisition,1450,0.3996770083840238,0.40063044683976196
0.1,0,acquisition,1500,0.483383113957243,0.40063044683976196
0.1,0,acquisition,1550,0.3742319309309823,0.40063044683976196
0.1,0,acquisition,1600,0.3950346787821036,0.40063044683976196
0.1,0,acquisition,1650,0.4277920302841812,0.40063044683976196
0.1,0,acquisition,1700,0.4180554620124166,0.40063044683976196
0.1,0,acquisition,1750,0.4080212739814305,0.40063044683976196
0.1,0,acquisition,1800,0.3567446009354899,0.40063044683976196
0.1,0,acquisition,1850,0.3542260334274033,0.40063044683976196
0.1,0,acquisition,1900,0.4005147289443994,0.40063044683976196
0.1,0,acquisition,1950,0.3671123703272315,0.40063044683976196
0.1,0,acquisition,2000,0.4372869217261905,0.40063044683976196
0.1,0,acquisition,2050,0.386153678818955,0.40063044683976196
0.1,0,acquisition,2100,0.4187343078153208,0.40063044683976196
0.1,0,acquisition,2150,0.4048359527025604,0.40063044683976196
0.1,0,acquisition,2200,0.3885668911522952,0.40063044683976196
0.1,0,acquisition,2250,0.3993109333206666,0.40063044683976196
0.1,0,acquisition,2300,0.4221267950814217,0.40063044683976196
0.1,0,acquisition,2350,0.3887656578037422,0.40063044683976196
0.1,0,acquisition,2400,0.3865138853859389,0.40063044683976196
0.1,0,acquisition,2450,0.3934600709605729,0.40063044683976196
0.1,0,acquisition,2500,0.4464345971768489,0.40063044683976196
0.1,0,acquisition,2550,0.4145569876616355,0.40063044683976196
0.1,0,acquisition,2600,0.4812500609050039,0.40063044683976196
0.1,0,acquisition,2650,0.3604524788627168,0.40063044683976196
0.1,0,acquisition,2700,0.3779776050359942,0.40063044683976196
0.1,0,acquisition,2750,0.529692558485549,0.40063044683976196
0.1,0,acquisition,2800,0.3843446150334785,0.40063044683976196
0.1,0,acquisition,2850,0.3500451670482289,0.40063044683976196
0.1,0,acquisition,2900,0.4071070413925918,0.40063044683976196
0.1,0,acquisition,2950,0.3762591445801081,0.40063044683976196
0.1,0,acquisition,3000,0.4224069607449928,0.40063044683976196
0.1,0,acquisition,3050,0.3736933518701699,0.40063044683976196
0.1,0,acquisition,3100,0.3301313962251879,0.40063044683976196
0.1,0,acquisition,3150,0.4165946178144077,0.40063044683976196
0.1,0,acquisition,3200,0.3764880584896309,0.40063044683976196
0.1,0,acquisition,3250,0.4254100141517119,0.40063044683976196
0.1,0,acquisition,3300,0.3758150658826343,0.40063044683976196
0.1,0,acquisition,3350,0.3961518339038594,0.40063044683976196
0.1,0,acquisition,3400,0.377112662117579,0.40063044683976196
0.1,0,acquisition,3450,0.3313521055632736,0.40063044683976196
0.1,0,acquisition,3500,0.39575467001996,0.40063044683976196
0.1,0,acquisition,3550,0.4156240009970497,0.40063044683976196
0.1,0,acquisition,3600,0.4181939724710537,0.40063044683976196
0.1,0,acquisition,3650,0.3945441914512775,0.40063044683976196
0.1,0,acquisition,3700,0.4181157624727348,0.40063044683976196
0.1,0,acquisition,3750,0.4236606631503673,0.40063044683976196
0.1,0,acquisition,3800,0.4350996416003909,0.40063044683976196
0.1,0,acquisition,3850,0.4276779128139605,0.40063044683976196
0.1,0,acquisition,3900,0.4024539498705416,0.40063044683976196
0.1,0,acquisition,3950,0.4287562502489891,0.40063044683976196
0.1,0,acquisition,4000,0.355384508871357,0.40063044683976196
0.1,0,acquisition,4050,0.4231372138153528,0.40063044683976196
0.1,0,acquisition,4100,0.3898842902231263,0.40063044683976196
0.1,0,acquisition,4150,0.4108902110083727,0.40063044683976196
0.1,0,acquisition,4200,0.355700079392991,0.40063044683976196
0.1,0,acquisition,4250,0.3876282037096098,0.40063044683976196
0.1,0,acquisition,4300,0.3010200080345385,0.40063044683976196
0.1,0,acquisition,4350,0.4369040741125354,0.40063044683976196
0.1,0,acquisition,4400,0.3687858707742998,0.40063044683976196
0.1,0,acquisition,4450,0.3837692390853772,0.40063044683976196
0.1,0,acquisition,4500,0.415396335174446,0.40063044683976196
0.1,0,acquisition,4550,0.4427070873352932,0.40063044683976196
0.1,0,acquisition,4600,0.3852289026573999,0.40063044683976196
0.1,0,acquisition,4650,0.4061402913130587,0.40063044683976196
0.1,0,acquisition,4700,0.4259662955551175,0.40063044683976196
0.1,0,acquisition,4750,0.3791901044244878,0.40063044683976196
0.1,0,acquisition,4800,0.4033542874635896,0.40063044683976196
0.1,0,acquisition,4850,0.3638616611930774,0.40063044683976196
0.1,0,acquisition,4900,0.3782607626030221,0.40063044683976196
0.1,0,acquisition,4950,0.4126688298408407,0.40063044683976196
0.1,0,acquisition,5000,0.4598453017906286,0.40063044683976196
0.1,0,acquisition,5050,0.3484626389585901,0.40063044683976196
0.1,0,acquisition,5100,0.3787369548529387,0.40063044683976196
0.1,0,acquisition,5150,0.4426783663936657,0.4012723852792987
0.1,0,acquisition,5200,0.3905009011697257,0.4012723852792987
0.1,0,acquisition,5250,0.3706378882745048,0.4012723852792987
0.1,0,acquisition,5300,0.4282422921678517,0.41125719037157693
0.1,0,acquisition,5350,0.4203907740599243,0.41125719037157693
0.1,0,acquisition,5400,0.4542761173937469,0.41125719037157693
0.1,0,acquisition,5450,0.470144819234265,0.41125719037157693
0.1,0,acquisition,5500,0.3826515319041209,0.41125719037157693
0.1,0,acquisition,5550,0.3267604036058765,0.41125719037157693
0.1,0,acquisition,5600,0.4000171485822648,0.41125719037157693
0.1,0,acquisition,5650,0.4685932491300628,0.41125719037157693
0.1,0,acquisition,5700,0.3947497943456983,0.41125719037157693
0.1,0,acquisition,5750,0.4416450400621397,0.41125719037157693
0.1,0,acquisition,5800,0.4660269717196934,0.41125719037157693
0.1,0,acquisition,5850,0.3654553017788566,0.41125719037157693
0.1,0,acquisition,5900,0.3273900308459997,0.41125719037157693
0.1,0,recovery,50,0.4063140952360118,0.43238020281743955
0.1,0,recovery,100,0.4584463103988673,0.43238020281743955
0.1,0,recovery,150,0.3446900581772206,0.38084237535193094
0.1,0,recovery,200,0.37549982757424,0.38084237535193094
0.1,0,recovery,250,0.4223372403043322,0.38084237535193094
0.1,0,recovery,300,0.3199192651489284,0.3768571329499328
0.1,0,recovery,350,0.3450433325441554,0.3768571329499328
0.1,0,recovery,400,0.4607810405577766,0.3768571329499328
0.1,0,recovery,450,0.3773180887335911,0.3768571329499328
0.1,0,recovery,500,0.3720159908634378,0.3768571329499328
0.1,0,recovery,550,0.3316207830578787,0.3768571329499328
0.1,0,recovery,600,0.4313014297437621,0.3768571329499328
0.1,0,recovery,650,0.3024050636345055,0.32159692047469435
0.1,0,recovery,700,0.2817321510938927,0.32159692047469435
0.1,0,recovery,750,0.3425036827631993,0.32159692047469435
0.1,0,recovery,800,0.3597467844071798,0.32159692047469435
0.1,0,recovery,850,0.275429869373911,0.3079940435111348
0.1,0,recovery,900,0.2951639348443132,0.3079940435111348
0.1,0,recovery,950,0.3392403961234959,0.3079940435111348
0.1,0,recovery,1000,0.3206969969335478,0.3079940435111348
0.1,0,recovery,1050,0.3092511506692972,0.3079940435111348
0.1,0,recovery,1100,0.2883308005420258,0.3079940435111348
0.1,0,recovery,1150,0.2965321040787967,0.3079940435111348
0.1,0,recovery,1200,0.2692692563170567,0.3079940435111348
0.1,0,recovery,1250,0.3561879554280313,0.3079940435111348
0.1,0,recovery,1300,0.297798610223108,0.3079940435111348
0.1,0,recovery,1350,0.3224649033084279,0.3079940435111348
0.1,0,recovery,1400,0.3255625442916062,0.3079940435111348
0.1,0,recovery,1450,0.2494948419521097,0.29785619646470873
0.1,0,recovery,1500,0.301321871553082,0.29785619646470873
0.1,0,recovery,1550,0.3352940648212097,0.29785619646470873
0.1,0,recovery,1600,0.3053140075324336,0.29785619646470873
0.1,0,recovery,1650,0.2500314356345916,0.291259149638883
0.1,0,recovery,1700,0.230263192045968,0.291259149638883
0.1,0,recovery,1750,0.3554692816641182,0.291259149638883
0.1,0,recovery,1800,0.3006625194678781,0.291259149638883
0.1,0,recovery,1850,0.3086272041330812,0.291259149638883
0.1,0,recovery,1900,0.2541338794765761,0.291259149638883
0.1,0,recovery,1950,0.3106339753000066,0.291259149638883
0.1,0,recovery,2000,0.2458404694875935,0.291259149638883
0.1,0,recovery,2050,0.3090680771705228,0.291259149638883
0.1,0,recovery,2100,0.3005184612597804,0.291259149638883
0.1,0,recovery,2150,0.2945069748855894,0.291259149638883
0.1,0,recovery,2200,0.282147064267192,0.291259149638883
0.1,0,recovery,2250,0.2727706485870294,0.291259149638883
0.1,0,recovery,2300,0.2217108951573027,0.291259149638883
0.1,0,recovery,2350,0.3142571380856679,0.291259149638883
0.1,0,recovery,2400,0.3121590566419763,0.291259149638883
0.1,0,recovery,2450,0.2949463493871735,0.291259149638883
0.1,0,recovery,2500,0.2703164494188968,0.291259149638883
0.1,0,recovery,2550,0.2577922560652951,0.291259149638883
0.1,0,recovery,2600,0.3286111430812161,0.291259149638883
0.1,0,recovery,2650,0.2643243028526194,0.291259149638883
0.1,0,recovery,2700,0.2862381045962683,0.291259149638883
0.1,0,recovery,2750,0.2869435159256682,0.291259149638883
0.1,0,recovery,2800,0.2871941500506363,0.291259149638883
0.1,0,recovery,2850,0.3669513996469322,0.291259149638883
0.1,0,recovery,2900,0.3158887745125684,0.291259149638883
0.1,0,recovery,2950,0.2908331876364536,0.291259149638883
0.1,0,recovery,3000,0.2738485983089777,0.291259149638883
0.1,0,recovery,3050,0.276589250684483,0.291259149638883
0.1,0,recovery,3100,0.3129856895317789,0.291259149638883
0.1,0,recovery,3150,0.352079833773314,0.291259149638883
0.1,0,recovery,3200,0.2781839353835675,0.291259149638883
0.1,0,recovery,3250,0.305024723962415,0.291259149638883
0.1,0,recovery,3300,0.2270819051918806,0.2847214206649805
0.1,0,recovery,3350,0.2750258327380288,0.2847214206649805
0.1,0,recovery,3400,0.2670792786643142,0.2847214206649805
0.1,0,recovery,3450,0.324949828410754,0.2847214206649805
0.1,0,recovery,3500,0.3001358005742077,0.2847214206649805
0.1,0,recovery,3550,0.2907660918071633,0.2847214206649805
0.1,0,recovery,3600,0.2828472226578742,0.2847214206649805
0.1,0,recovery,3650,0.2756240379222436,0.2847214206649805
0.1,0,recovery,3700,0.3003583627048647,0.2847214206649805
0.1,0,recovery,3750,0.3033458459784742,0.2847214206649805
0.1,0,recovery,3800,0.266972360968939,0.27483617398363996
0.1,0,recovery,3850,0.246261570212082,0.27483617398363996
0.1,0,recovery,3900,0.2837599723885068,0.27483617398363996
0.1,0,recovery,3950,0.2581390384654514,0.27483617398363996
0.1,0,recovery,4000,0.3190479278832208,0.27483617398363996
0.1,0,recovery,4050,0.219900530972518,0.26455165720236
0.1,0,recovery,4100,0.2983321602095384,0.26455165720236
0.1,0,recovery,4150,0.2625675071467412,0.26455165720236
0.1,0,recovery,4200,0.2120883832941763,0.26455165720236
0.1,0,recovery,4250,0.276452456927509,0.26455165720236
0.1,0,recovery,4300,0.2394549434533109,0.26455165720236
0.1,0,recovery,4350,0.2764910697139566,0.26455165720236
0.1,0,recovery,4400,0.2818779416155303,0.26455165720236
0.1,0,recovery,4450,0.2798476650280645,0.26455165720236
0.1,0,recovery,4500,0.2584598762996029,0.26455165720236
0.1,0,recovery,4550,0.2930713777116034,0.26455165720236
0.1,0,recovery,4600,0.2219337940518744,0.26455165720236
0.1,0,recovery,4650,0.2744416722771711,0.26455165720236
0.1,0,recovery,4700,0.2967491394013632,0.26455165720236
0.1,0,recovery,4750,0.2700933040841483,0.26455165720236
0.1,0,recovery,4800,0.2446574511547805,0.26455165720236
0.1,0,recovery,4850,0.2750338913983433,0.26455165720236
0.1,0,recovery,4900,0.2613722809997852,0.26455165720236
0.1,0,recovery,4950,0.2405630110530182,0.26455165720236
0.1,0,recovery,5000,0.2468274998734705,0.26455165720236
0.1,0,recovery,5050,0.3045564711757469,0.26455165720236
0.1,0,recovery,5100,0.2482972349895862,0.26455165720236
0.1,0,recovery,5150,0.3016184528224403,0.26455165720236
0.1,0,recovery,5200,0.2339639929693658,0.26251371772047905
0.1,0,recovery,5250,0.2649421814229572,0.26251371772047905
0.1,0,recovery,5300,0.2420454497268656,0.26251371772047905
0.1,0,recovery,5350,0.2641688288765726,0.26251371772047905
0.1,0,recovery,5400,0.2119010582164628,0.26251371772047905
0.1,0,recovery,5450,0.2461958261817926,0.26251371772047905
0.1,0,recovery,5500,0.2584780060354387,0.26251371772047905
0.1,0,recovery,5550,0.2921914574108086,0.26251371772047905
0.1,0,recovery,5600,0.2672351511946181,0.26251371772047905
0.1,0,recovery,5650,0.2637476584484102,0.26251371772047905
0.1,0,recovery,5700,0.2457106560806278,0.26251371772047905
0.1,0,recovery,5750,0.3164855186763452,0.26251371772047905
0.1,0,recovery,5800,0.2570079537417041,0.26251371772047905
0.1,0,recovery,5850,0.3019279462884878,0.26251371772047905
0.1,0,recovery,5900,0.2717040805367287,0.26251371772047905
0.1,1,acquisition,50,0.2244008469459368,0.2244008469459368
0.1,1,acquisition,100,0.2718153239868116,0.2718153239868116
0.1,1,acquisition,150,0.3298688096553087,0.3298688096553087
0.1,1,acquisition,200,0.4689520059560891,0.40506644872461905
0.1,1,acquisition,250,0.409092245423235,0.40506644872461905
0.1,1,acquisition,300,0.4399164193414617,0.40506644872461905
0.1,1,acquisition,350,0.3751061954681063,0.40506644872461905
0.1,1,acquisition,400,0.4373386247770395,0.40506644872461905
0.1,1,acquisition,450,0.4415363663958851,0.40506644872461905
0.1,1,acquisition,500,0.4559747704048641,0.40506644872461905
0.1,1,acquisition,550,0.4725445792661048,0.40506644872461905
0.1,1,acquisition,600,0.4516217541263904,0.40506644872461905
0.1,1,acquisition,650,0.3633978119131643,0.40506644872461905
0.1,1,acquisition,700,0.3594660419883439,0.40506644872461905
0.1,1,acquisition,750,0.3253835697512841,0.40506644872461905
0.1,1,acquisition,800,0.3979349149559857,0.40506644872461905
0.1,1,acquisition,850,0.428590378453373,0.40506644872461905
0.1,1,acquisition,900,0.4569519217120251,0.40506644872461905
0.1,1,acquisition,950,0.4078593468252802,0.40506644872461905
0.1,1,acquisition,1000,0.3397245718812337,0.40506644872461905
0.1,1,acquisition,1050,0.3600264833506662,0.40506644872461905
0.1,1,acquisition,1100,0.42321132877958,0.40506644872461905
0.1,1,acquisition,1150,0.3986828449496534,0.40506644872461905
0.1,1,acquisition,1200,0.4013425108947558,0.40506644872461905
0.1,1,acquisition,1250,0.3748026863118866,0.40506644872461905
0.1,1,acquisition,1300,0.3865984256955562,0.40506644872461905
0.1,1,acquisition,1350,0.465717057545553,0.40506644872461905
0.1,1,acquisition,1400,0.3919165169174084,0.40506644872461905
0.1,1,acquisition,1450,0.454779583956697,0.40506644872461905
0.1,1,acquisition,1500,0.3424998687620973,0.40506644872461905
0.1,1,acquisition,1550,0.4990166370850056,0.40506644872461905
0.1,1,acquisition,1600,0.4213017627643421,0.40506644872461905
0.1,1,acquisition,1650,0.3671433010685723,0.40506644872461905
0.1,1,acquisition,1700,0.4074828722892561,0.40506644872461905
0.1,1,acquisition,1750,0.3401764257752802,0.40506644872461905
0.1,1,acquisition,1800,0.379882311913534,0.40506644872461905
0.1,1,acquisition,1850,0.4288988210703246,0.40506644872461905
0.1,1,acquisition,1900,0.3955900004354771,0.40506644872461905
0.1,1,acquisition,1950,0.4621578882972244,0.40506644872461905
0.1,1,acquisition,2000,0.3777991968992865,0.40506644872461905
0.1,1,acquisition,2050,0.4241330445086351,0.40506644872461905
0.1,1,acquisition,2100,0.3873231027682777,0.40506644872461905
0.1,1,acquisition,2150,0.4545215143449604,0.40506644872461905
0.1,1,acquisition,2200,0.4276489123573992,0.40506644872461905
0.1,1,acquisition,2250,0.4162346624897327,0.40506644872461905
0.1,1,acquisition,2300,0.383226095919963,0.40506644872461905
0.1,1,acquisition,2350,0.4553904267697362,0.40506644872461905
0.1,1,acquisition,2400,0.4330623075505718,0.40506644872461905
0.1,1,acquisition,2450,0.3461153424653457,0.40506644872461905
0.1,1,acquisition,2500,0.3847792786097852,0.40506644872461905
0.1,1,acquisition,2550,0.3870964171231026,0.40506644872461905
0.1,1,acquisition,2600,0.2649632625695085,0.40506644872461905
0.1,1,acquisition,2650,0.3784100253519136,0.40506644872461905
0.1,1,acquisition,2700,0.4730693185975542,0.41597558752070957
0.1,1,acquisition,2750,0.39415719722223,0.41597558752070957
0.1,1,acquisition,2800,0.3807002467423445,0.41597558752070957
0.1,1,acquisition,2850,0.4577867940056603,0.4222849611646764
0.1,1,acquisition,2900,0.4619944224983919,0.4222849611646764
0.1,1,acquisition,2950,0.4465120230807224,0.4222849611646764
0.1,1,acquisition,3000,0.429614056252758,0.4222849611646764
0.1,1,acquisition,3050,0.4262355873727938,0.4222849611646764
0.1,1,acquisition,3100,0.4482895937777357,0.4222849611646764
0.1,1,acquisition,3150,0.453426469626138,0.4222849611646764
0.1,1,acquisition,3200,0.4352516849857056,0.4222849611646764
0.1,1,acquisition,3250,0.4242086460493738,0.4222849611646764
0.1,1,acquisition,3300,0.4482852777338121,0.4222849611646764
0.1,1,acquisition,3350,0.4275931285781553,0.4222849611646764
0.1,1,acquisition,3400,0.3576462021400221,0.4222849611646764
0.1,1,acquisition,3450,0.4178329789981944,0.4222849611646764
0.1,1,acquisition,3500,0.4825496192328865,0.4222849611646764
0.1,1,acquisition,3550,0.459277633333113,0.4222849611646764
0.1,1,acquisition,3600,0.5434235727903434,0.4222849611646764
0.1,1,acquisition,3650,0.5074112426536158,0.4222849611646764
0.1,1,acquisition,3700,0.4289683859498472,0.4222849611646764
0.1,1,acquisition,3750,0.3794939545332454,0.4222849611646764
0.1,1,acquisition,3800,0.4242847689316841,0.4222849611646764
0.1,1,acquisition,3850,0.4338918402948184,0.4222849611646764
0.1,1,acquisition,3900,0.4709377393987961,0.4222849611646764
0.1,1,acquisition,3950,0.4121586477773962,0.4222849611646764
0.1,1,acquisition,4000,0.4069559747260063,0.4222849611646764
0.1,1,acquisition,4050,0.410160388633376,0.4222849611646764
0.1,1,acquisition,4100,0.4459127380297286,0.4222849611646764
0.1,1,acquisition,4150,0.5004134705837351,0.4222849611646764
0.1,1,acquisition,4200,0.4905303473456297,0.4222849611646764
0.1,1,acquisition,4250,0.4448228771449066,0.4222849611646764
0.1,1,acquisition,4300,0.4755211589718237,0.4222849611646764
0.1,1,acquisition,4350,0.456784005878726,0.4222849611646764
0.1,1,acquisition,4400,0.4707569834112655,0.4222849611646764
0.1,1,acquisition,4450,0.4949458318518009,0.4222849611646764
0.1,1,acquisition,4500,0.3889049007417634,0.4222849611646764
0.1,1,acquisition,4550,0.3919502295646817,0.4222849611646764
0.1,1,acquisition,4600,0.3498000489687547,0.4222849611646764
0.1,1,acquisition,4650,0.4013691435375949,0.4222849611646764
0.1,1,acquisition,4700,0.4126848111383151,0.4222849611646764
0.1,1,acquisition,4750,0.4020681571296882,0.4222849611646764
0.1,1,acquisition,4800,0.3830411688797175,0.4222849611646764
0.1,1,acquisition,4850,0.3947034506546333,0.4222849611646764
0.1,1,acquisition,4900,0.4015277118230005,0.4222849611646764
0.1,1,acquisition,4950,0.4130616221314994,0.4222849611646764
0.1,1,acquisition,5000,0.3875879479933064,0.4222849611646764
0.1,1,acquisition,5050,0.365413600851898,0.4222849611646764
0.1,1,acquisition,5100,0.3969410807272652,0.4222849611646764
0.1,1,acquisition,5150,0.4007295361929573,0.4222849611646764
0.1,1,acquisition,5200,0.377744153731619,0.4222849611646764
0.1,1,acquisition,5250,0.4279428827390075,0.4222849611646764
0.1,1,acquisition,5300,0.403147207290749,0.4222849611646764
0.1,1,acquisition,5350,0.4050572072929935,0.4222849611646764
0.1,1,acquisition,5400,0.3841040059051011,0.4222849611646764
0.1,1,acquisition,5450,0.3500023290683748,0.4222849611646764
0.1,1,acquisition,5500,0.3856058615428628,0.4222849611646764
0.1,1,acquisition,5550,0.3968422024446772,0.4222849611646764
0.1,1,acquisition,5600,0.3951757700601592,0.4222849611646764
0.1,1,acquisition,5650,0.3829124367324402,0.4222849611646764
0.1,1,acquisition,5700,0.3809203263669042,0.4222849611646764
0.1,1,acquisition,5750,0.361696868633735,0.4222849611646764
0.1,1,acquisition,5800,0.4751609604008263,0.4325368720599605
0.1,1,acquisition,5850,0.4456625897833146,0.4325368720599605
0.1,1,acquisition,5900,0.3767870659957407,0.4325368720599605
0.1,1,recovery,50,0.3808675939758541,0.38196360879655306
0.1,1,recovery,100,0.3686772147292504,0.38196360879655306
0.1,1,recovery,150,0.3963460176845547,0.38196360879655306
0.1,1,recovery,200,0.3351549760845955,0.3561241522726292
0.1,1,recovery,250,0.3395523889415199,0.3561241522726292
0.1,1,recovery,300,0.3936650917917723,0.3561241522726292
0.1,1,recovery,350,0.324552385500283,0.3559487806474014
0.1,1,recovery,400,0.3690112913242774,0.3559487806474014
0.1,1,recovery,450,0.3742826651176438,0.3559487806474014
0.1,1,recovery,500,0.3283981907367706,0.34219578955409813
0.1,1,recovery,550,0.3559933883714257,0.34219578955409813
0.1,1,recovery,600,0.304568421895965,0.31712071140980697
0.1,1,recovery,650,0.2611183675972279,0.31712071140980697
0.1,1,recovery,700,0.3062002337450394,0.31712071140980697
0.1,1,recovery,750,0.3965958224009955,0.31712071140980697
0.1,1,recovery,800,0.2975048982590669,0.31356209291116094
0.1,1,recovery,850,0.329619287563255,0.31356209291116094
0.1,1,recovery,900,0.2947848533868091,0.29722484242884095
0.1,1,recovery,950,0.2850988328416133,0.29722484242884095
0.1,1,recovery,1000,0.3078920092229964,0.29722484242884095
0.1,1,recovery,1050,0.3011236742639449,0.29722484242884095
0.1,1,recovery,1100,0.2788077577995136,0.28262672412703976
0.1,1,recovery,1150,0.2864456904545659,0.28262672412703976
0.1,1,recovery,1200,0.2285841249022633,0.2756822205501764
0.1,1,recovery,1250,0.2802208069449989,0.2756822205501764
0.1,1,recovery,1300,0.3182417298032669,0.2756822205501764
0.1,1,recovery,1350,0.2400980503199389,0.27288782960107905
0.1,1,recovery,1400,0.2385037889314117,0.27288782960107905
0.1,1,recovery,1450,0.3051936042413581,0.27288782960107905
0.1,1,recovery,1500,0.2481180567364208,0.27288782960107905
0.1,1,recovery,1550,0.2818797040113713,0.27288782960107905
0.1,1,recovery,1600,0.2739677628281061,0.27288782960107905
0.1,1,recovery,1650,0.2682162128039635,0.27288782960107905
0.1,1,recovery,1700,0.270650925328373,0.27288782960107905
0.1,1,recovery,1750,0.2440274748299271,0.27288782960107905
0.1,1,recovery,1800,0.2859422371082473,0.27288782960107905
0.1,1,recovery,1850,0.2445582927484065,0.27288782960107905
0.1,1,recovery,1900,0.2744982342404546,0.27288782960107905
0.1,1,recovery,1950,0.2602789463178487,0.27288782960107905
0.1,1,recovery,2000,0.3174736141099128,0.27288782960107905
0.1,1,recovery,2050,0.2512583252886543,0.27288782960107905
0.1,1,recovery,2100,0.2802155360183678,0.27288782960107905
0.1,1,recovery,2150,0.3055483398947399,0.27288782960107905
0.1,1,recovery,2200,0.3215518270619213,0.27288782960107905
0.1,1,recovery,2250,0.2665072588145267,0.26785091087484036
0.1,1,recovery,2300,0.269194562935154,0.26785091087484036
0.1,1,recovery,2350,0.2217133876553271,0.24612881724012206
0.1,1,recovery,2400,0.2103516165638575,0.24612881724012206
0.1,1,recovery,2450,0.239872715571546,0.24612881724012206
0.1,1,recovery,2500,0.2318227895209565,0.24612881724012206
0.1,1,recovery,2550,0.2217905135144246,0.24612881724012206
0.1,1,recovery,2600,0.2799714445567224,0.24612881724012206
0.1,1,recovery,2650,0.2954521327459952,0.24612881724012206
0.1,1,recovery,2700,0.2230843186110723,0.24612881724012206
0.1,1,recovery,2750,0.2630975000781472,0.24612881724012206
0.1,1,recovery,2800,0.2080441754602361,0.24612881724012206
0.1,1,recovery,2850,0.2567106188664911,0.24612881724012206
0.1,1,recovery,2900,0.2258199663436971,0.24612881724012206
0.1,1,recovery,2950,0.2324651802273001,0.24612881724012206
0.1,1,recovery,3000,0.2505223779729567,0.24612881724012206
0.1,1,recovery,3050,0.255373157748254,0.24612881724012206
0.1,1,recovery,3100,0.2304360723559511,0.24612881724012206
0.1,1,recovery,3150,0.2632431952649494,0.24612881724012206
0.1,1,recovery,3200,0.2269600193278165,0.24612881724012206
0.1,1,recovery,3250,0.2922789098782232,0.24612881724012206
0.1,1,recovery,3300,0.2466167407418834,0.24612881724012206
0.1,1,recovery,3350,0.2416888112423476,0.24612881724012206
0.1,1,recovery,3400,0.282224506252096,0.24612881724012206
0.1,1,recovery,3450,0.250087779724854,0.24612881724012206
0.1,1,recovery,3500,0.2025076172180706,0.24612881724012206
0.1,1,recovery,3550,0.2519034417899092,0.24612881724012206
0.1,1,recovery,3600,0.235407149271341,0.24612881724012206
0.1,1,recovery,3650,0.2322701820317888,0.24612881724012206
0.1,1,recovery,3700,0.2527388514217455,0.24612881724012206
0.1,1,recovery,3750,0.1990694707812508,0.24612881724012206
0.1,1,recovery,3800,0.2504563429480185,0.24612881724012206
0.1,1,recovery,3850,0.2647415634035133,0.24612881724012206
0.1,1,recovery,3900,0.2909296289726626,0.24612881724012206
0.1,1,recovery,3950,0.2779867257346632,0.24612881724012206
0.1,1,recovery,4000,0.2607408823660808,0.24612881724012206
0.1,1,recovery,4050,0.209339070781134,0.2362437966560246
0.1,1,recovery,4100,0.2125074479106115,0.2362437966560246
0.1,1,recovery,4150,0.2410527733340859,0.2362437966560246
0.1,1,recovery,4200,0.2533346387330675,0.2362437966560246
0.1,1,recovery,4250,0.2649850525212241,0.2362437966560246
0.1,1,recovery,4300,0.2258891684032278,0.23493557315195848
0.1,1,recovery,4350,0.2135474407178117,0.23493557315195848
0.1,1,recovery,4400,0.2316527079779189,0.23493557315195848
0.1,1,recovery,4450,0.2429070138325914,0.23493557315195848
0.1,1,recovery,4500,0.194789205751149,0.23493557315195848
0.1,1,recovery,4550,0.2841750656341901,0.23493557315195848
0.1,1,recovery,4600,0.2139177012990694,0.23493557315195848
0.1,1,recovery,4650,0.238087145081372,0.23493557315195848
0.1,1,recovery,4700,0.2163110872701509,0.23493557315195848
0.1,1,recovery,4750,0.2463349190016742,0.23493557315195848
0.1,1,recovery,4800,0.2594484335934976,0.23493557315195848
0.1,1,recovery,4850,0.2017457907862263,0.23493557315195848
0.1,1,recovery,4900,0.2148253914772067,0.23493557315195848
0.1,1,recovery,4950,0.2404967362229945,0.23493557315195848
0.1,1,recovery,5000,0.2200927126052556,0.23493557315195848
0.1,1,recovery,5050,0.2469247922918293,0.23493557315195848
0.1,1,recovery,5100,0.234819378987886,0.23493557315195848
0.1,1,recovery,5150,0.1992862100165803,0.23493557315195848
0.1,1,recovery,5200,0.2318318296491634,0.23493557315195848
0.1,1,recovery,5250,0.2581062930950429,0.23493557315195848
0.1,1,recovery,5300,0.2654960385046434,0.23493557315195848
0.1,1,recovery,5350,0.2455065031227422,0.23493557315195848
0.1,1,recovery,5400,0.2046472521318355,0.23493557315195848
0.1,1,recovery,5450,0.2277068385394522,0.23493557315195848
0.1,1,recovery,5500,0.2357937281980412,0.23493557315195848
0.1,1,recovery,5550,0.2304997379868291,0.23493557315195848
0.1,1,recovery,5600,0.2649667299352586,0.23493557315195848
0.1,1,recovery,5650,0.24948880643351,0.23493557315195848
0.1,1,recovery,5700,0.2612940986803733,0.23493557315195848
0.1,1,recovery,5750,0.2470445223373826,0.23493557315195848
0.1,1,recovery,5800,0.2353694881458068,0.23493557315195848
0.1,1,recovery,5850,0.2189000993006629,0.2189000993006629
0.1,1,recovery,5900,0.202981818424887,0.202981818424887
0.1,2,acquisition,50,0.2010010702366708,0.2010010702366708
0.1,2,acquisition,100,0.2592751492041861,0.2592751492041861
0.1,2,acquisition,150,0.3483018794667441,0.3464863013601279
0.1,2,acquisition,200,0.3446707232535118,0.3464863013601279
0.1,2,acquisition,250,0.3875524209492141,0.3665890850584643
0.1,2,acquisition,300,0.3602885758323828,0.3665890850584643
0.1,2,acquisition,350,0.3519262583937961,0.3665890850584643
0.1,2,acquisition,400,0.3985107709100702,0.38722247909628393
0.1,2,acquisition,450,0.4117997099057538,0.38722247909628393
0.1,2,acquisition,500,0.3919782289257273,0.38722247909628393
0.1,2,acquisition,550,0.4244193638878641,0.38722247909628393
0.1,2,acquisition,600,0.3681753542181104,0.38722247909628393
0.1,2,acquisition,650,0.3284514467301778,0.38722247909628393
0.1,2,acquisition,700,0.4004984431300545,0.39143900504457463
0.1,2,acquisition,750,0.4159100186219439,0.39143900504457463
0.1,2,acquisition,800,0.3622794743429404,0.39143900504457463
0.1,2,acquisition,850,0.4356103026191704,0.39143900504457463
0.1,2,acquisition,900,0.4459761875483673,0.39143900504457463
0.1,2,acquisition,950,0.3458492091158405,0.39143900504457463
0.1,2,acquisition,1000,0.3898452997743152,0.39143900504457463
0.1,2,acquisition,1050,0.3799925769324181,0.39143900504457463
0.1,2,acquisition,1100,0.396539348657825,0.39143900504457463
0.1,2,acquisition,1150,0.399614386303001,0.39143900504457463
0.1,2,acquisition,1200,0.333713808444445,0.39143900504457463
0.1,2,acquisition,1250,0.4289436326443683,0.39330996650639766
0.1,2,acquisition,1300,0.4190433960268274,0.39330996650639766
0.1,2,acquisition,1350,0.3319428708479972,0.39330996650639766
0.1,2,acquisition,1400,0.4186153655085946,0.3982688296333488
0.1,2,acquisition,1450,0.4458555040135979,0.3982688296333488
0.1,2,acquisition,1500,0.3402634766732808,0.3982688296333488
0.1,2,acquisition,1550,0.4133810303767677,0.3982688296333488
0.1,2,acquisition,1600,0.4176604010921437,0.3982688296333488
0.1,2,acquisition,1650,0.3996626917959656,0.3982688296333488
0.1,2,acquisition,1700,0.3524433379730908,0.3982688296333488
0.1,2,acquisition,1750,0.4792030642653117,0.4197423108115326
0.1,2,acquisition,1800,0.4193148596712854,0.4197423108115326
0.1,2,acquisition,1850,0.4222879364073742,0.4197423108115326
0.1,2,acquisition,1900,0.4172566732269478,0.4197423108115326
0.1,2,acquisition,1950,0.3606490204867441,0.4197423108115326
0.1,2,acquisition,2000,0.4217824757681228,0.4217824757681228
0.1,2,acquisition,2050,0.424967860073084,0.424967860073084
0.1,2,acquisition,2100,0.4511950503464322,0.42572799619377627
0.1,2,acquisition,2150,0.4818962697114329,0.42572799619377627
0.1,2,acquisition,2200,0.4369634393096203,0.42572799619377627
0.1,2,acquisition,2250,0.4692367211804958,0.42572799619377627
0.1,2,acquisition,2300,0.4609847462043399,0.42572799619377627
0.1,2,acquisition,2350,0.4705300410150084,0.42572799619377627
0.1,2,acquisition,2400,0.4423640456848079,0.42572799619377627
0.1,2,acquisition,2450,0.4297108331910567,0.42572799619377627
0.1,2,acquisition,2500,0.5120245376962703,0.42572799619377627
0.1,2,acquisition,2550,0.445938372182427,0.42572799619377627
0.1,2,acquisition,2600,0.4090358844114234,0.42572799619377627
0.1,2,acquisition,2650,0.4659842363093048,0.42572799619377627
0.1,2,acquisition,2700,0.4689039089891594,0.42572799619377627
0.1,2,acquisition,2750,0.393715893192566,0.42572799619377627
0.1,2,acquisition,2800,0.3855257727071876,0.42572799619377627
0.1,2,acquisition,2850,0.4378127862786641,0.42572799619377627
0.1,2,acquisition,2900,0.4678006904380163,0.42572799619377627
0.1,2,acquisition,2950,0.45685771696968,0.42572799619377627
0.1,2,acquisition,3000,0.4735081732808612,0.42572799619377627
0.1,2,acquisition,3050,0.4837490106548648,0.42572799619377627
0.1,2,acquisition,3100,0.4695421884348616,0.42572799619377627
0.1,2,acquisition,3150,0.4420855949859833,0.42572799619377627
0.1,2,acquisition,3200,0.4217735577654093,0.42572799619377627
0.1,2,acquisition,3250,0.3915031660255044,0.42572799619377627
0.1,2,acquisition,3300,0.3938567279302515,0.42572799619377627
0.1,2,acquisition,3350,0.3957385564991273,0.42572799619377627
0.1,2,acquisition,3400,0.4176775567693403,0.42572799619377627
0.1,2,acquisition,3450,0.398165602745139,0.42572799619377627
0.1,2,acquisition,3500,0.3882558107021032,0.42572799619377627
0.1,2,acquisition,3550,0.459454253630829,0.42572799619377627
0.1,2,acquisition,3600,0.397496055685915,0.42572799619377627
0.1,2,acquisition,3650,0.3985775031842059,0.42572799619377627
0.1,2,acquisition,3700,0.4472256142331753,0.42572799619377627
0.1,2,acquisition,3750,0.4842711046745535,0.42572799619377627
0.1,2,acquisition,3800,0.4288434404408326,0.42572799619377627
0.1,2,acquisition,3850,0.3984471937356283,0.42572799619377627
0.1,2,acquisition,3900,0.4765619869215879,0.42572799619377627
0.1,2,acquisition,3950,0.424713438230101,0.42572799619377627
0.1,2,acquisition,4000,0.4128138938936172,0.42572799619377627
0.1,2,acquisition,4050,0.4106683147297008,0.42572799619377627
0.1,2,acquisition,4100,0.458823157378938,0.42572799619377627
0.1,2,acquisition,4150,0.3692553119297372,0.42572799619377627
0.1,2,acquisition,4200,0.322901896359399,0.42572799619377627
0.1,2,acquisition,4250,0.4173559084185399,0.42572799619377627
0.1,2,acquisition,4300,0.4025419510394568,0.42572799619377627
0.1,2,acquisition,4350,0.4219625965482555,0.42572799619377627
0.1,2,acquisition,4400,0.4315914231876377,0.42572799619377627
0.1,2,acquisition,4450,0.3771685088507365,0.42572799619377627
0.1,2,acquisition,4500,0.455434036416118,0.42572799619377627
0.1,2,acquisition,4550,0.4060425755893811,0.42572799619377627
0.1,2,acquisition,4600,0.4392771756305592,0.42572799619377627
0.1,2,acquisition,4650,0.4280376984126633,0.42572799619377627
0.1,2,acquisition,4700,0.4303778716770466,0.42572799619377627
0.1,2,acquisition,4750,0.402347767270403,0.42572799619377627
0.1,2,acquisition,4800,0.4658394349185982,0.42572799619377627
0.1,2,acquisition,4850,0.4259213363972958,0.42572799619377627
0.1,2,acquisition,4900,0.4358298468135763,0.42572799619377627
0.1,2,acquisition,4950,0.3805472770525375,0.42572799619377627
0.1,2,acquisition,5000,0.3478031480265781,0.42572799619377627
0.1,2,acquisition,5050,0.4164892352215247,0.42572799619377627
0.1,2,acquisition,5100,0.4556854644580744,0.42572799619377627
0.1,2,acquisition,5150,0.4030344358587172,0.42572799619377627
0.1,2,acquisition,5200,0.4317043046088656,0.42572799619377627
0.1,2,acquisition,5250,0.415747523321188,0.42572799619377627
0.1,2,acquisition,5300,0.4275948926241835,0.42572799619377627
0.1,2,acquisition,5350,0.4029326552618295,0.42572799619377627
0.1,2,acquisition,5400,0.4531960845785215,0.42572799619377627
0.1,2,acquisition,5450,0.3633680778212146,0.42572799619377627
0.1,2,acquisition,5500,0.3972058216261211,0.42572799619377627
0.1,2,acquisition,5550,0.3862845752894646,0.42572799619377627
0.1,2,acquisition,5600,0.4682947797962697,0.42572799619377627
0.1,2,acquisition,5650,0.3502447589341318,0.42572799619377627
0.1,2,acquisition,5700,0.4121581596485339,0.42572799619377627
0.1,2,acquisition,5750,0.4480928595003206,0.42572799619377627
0.1,2,acquisition,5800,0.4078648935962701,0.42572799619377627
0.1,2,acquisition,5850,0.3949605756928213,0.42572799619377627
0.1,2,acquisition,5900,0.5067139868909726,0.5067139868909726
0.1,2,recovery,50,0.4527103752322727,0.4527103752322727
0.1,2,recovery,100,0.4343706369132269,0.4343706369132269
0.1,2,recovery,150,0.3635834586294368,0.4152156029602338
0.1,2,recovery,200,0.3595487951301038,0.4152156029602338
0.1,2,recovery,250,0.4900117378181312,0.4152156029602338
0.1,2,recovery,300,0.4477184202632634,0.4152156029602338
0.1,2,recovery,350,0.3286200703628128,0.36536975942474476
0.1,2,recovery,400,0.3732094396161847,0.36536975942474476
0.1,2,recovery,450,0.3942797682952368,0.36536975942474476
0.1,2,recovery,500,0.3316059268801473,0.33682710520079123
0.1,2,recovery,550,0.3214277700713137,0.33682710520079123
0.1,2,recovery,600,0.3154296087304828,0.33682710520079123
0.1,2,recovery,650,0.3336620068666525,0.33682710520079123
0.1,2,recovery,700,0.3458464309939881,0.33682710520079123
0.1,2,recovery,750,0.372990887662163,0.33682710520079123
0.1,2,recovery,800,0.3261977008089889,0.3300629471250189
0.1,2,recovery,850,0.2889187638962175,0.3300629471250189
0.1,2,recovery,900,0.3750723766698502,0.3300629471250189
0.1,2,recovery,950,0.2539159138628747,0.32134868648601694
0.1,2,recovery,1000,0.3887814591091592,0.32134868648601694
0.1,2,recovery,1050,0.3022528085304657,0.3128982945924508
0.1,2,recovery,1100,0.3235437806544359,0.3128982945924508
0.1,2,recovery,1150,0.2969623862201115,0.311442298432521
0.1,2,recovery,1200,0.3259222106449306,0.311442298432521
0.1,2,recovery,1250,0.2534464124246733,0.3063745108930743
0.1,2,recovery,1300,0.3593026093614753,0.3063745108930743
0.1,2,recovery,1350,0.2944767887407215,0.3056210159269715
0.1,2,recovery,1400,0.2850325233739568,0.3056210159269715
0.1,2,recovery,1450,0.2943104036652949,0.3056210159269715
0.1,2,recovery,1500,0.3126440644793911,0.3056210159269715
0.1,2,recovery,1550,0.2770516849553678,0.3056210159269715
0.1,2,recovery,1600,0.2463926198554691,0.3056210159269715
0.1,2,recovery,1650,0.289712563502253,0.3056210159269715
0.1,2,recovery,1700,0.3038220087735681,0.3056210159269715
0.1,2,recovery,1750,0.2921613585093291,0.3056210159269715
0.1,2,recovery,1800,0.3271432334912242,0.3056210159269715
0.1,2,recovery,1850,0.3348049489979166,0.3056210159269715
0.1,2,recovery,1900,0.3327475732780294,0.3056210159269715
0.1,2,recovery,1950,0.3419336755992844,0.3056210159269715
0.1,2,recovery,2000,0.2919739599002059,0.3056210159269715
0.1,2,recovery,2050,0.3491535125370137,0.3056210159269715
0.1,2,recovery,2100,0.2986968439421616,0.3056210159269715
0.1,2,recovery,2150,0.2734315117145888,0.3056210159269715
0.1,2,recovery,2200,0.2896941126591991,0.3056210159269715
0.1,2,recovery,2250,0.3321473479073029,0.3056210159269715
0.1,2,recovery,2300,0.291352902171784,0.3056210159269715
0.1,2,recovery,2350,0.3328069666953525,0.3056210159269715
0.1,2,recovery,2400,0.3156862618529703,0.3056210159269715
0.1,2,recovery,2450,0.2988050840381765,0.3056210159269715
0.1,2,recovery,2500,0.2996630168455885,0.3056210159269715
0.1,2,recovery,2550,0.2888820964156184,0.3056210159269715
0.1,2,recovery,2600,0.2796390105364844,0.3056210159269715
0.1,2,recovery,2650,0.3028173603391042,0.3056210159269715
0.1,2,recovery,2700,0.3511214769515209,0.3056210159269715
0.1,2,recovery,2750,0.3349045501532964,0.3056210159269715
0.1,2,recovery,2800,0.2525888809526805,0.27431797010436026
0.1,2,recovery,2850,0.2728226167609682,0.27431797010436026
0.1,2,recovery,2900,0.2975424125994322,0.27431797010436026
0.1,2,recovery,2950,0.2500434288341784,0.2739534991408332
0.1,2,recovery,3000,0.2308326920797117,0.2739534991408332
0.1,2,recovery,3050,0.2267292667360743,0.2739534991408332
0.1,2,recovery,3100,0.3258738171093864,0.2739534991408332
0.1,2,recovery,3150,0.3106409891578369,0.2739534991408332
0.1,2,recovery,3200,0.2804046251118416,0.2739534991408332
0.1,2,recovery,3250,0.2931496749568032,0.2739534991408332
0.1,2,recovery,3300,0.2565593012387399,0.2712429592703185
0.1,2,recovery,3350,0.2739201709395275,0.2712429592703185
0.1,2,recovery,3400,0.263603708348237,0.2712429592703185
0.1,2,recovery,3450,0.2364725644997088,0.2712429592703185
0.1,2,recovery,3500,0.2278695993620204,0.2712429592703185
0.1,2,recovery,3550,0.302332775114337,0.2712429592703185
0.1,2,recovery,3600,0.2085837748163612,0.2712429592703185
0.1,2,recovery,3650,0.2154532074352028,0.2712429592703185
0.1,2,recovery,3700,0.2819728994695469,0.2712429592703185
0.1,2,recovery,3750,0.2975235424219863,0.2712429592703185
0.1,2,recovery,3800,0.200795754584833,0.2712429592703185
0.1,2,recovery,3850,0.3119091164669953,0.2712429592703185
0.1,2,recovery,3900,0.2830888500408036,0.2712429592703185
0.1,2,recovery,3950,0.2570880682277493,0.2712429592703185
0.1,2,recovery,4000,0.3013302722334628,0.2712429592703185
0.1,2,recovery,4050,0.262281275325804,0.2712429592703185
0.1,2,recovery,4100,0.2970922154106665,0.2712429592703185
0.1,2,recovery,4150,0.2696226902829949,0.2712429592703185
0.1,2,recovery,4200,0.2324757392250467,0.2712429592703185
0.1,2,recovery,4250,0.2193675737449666,0.2712429592703185
0.1,2,recovery,4300,0.2858849645109149,0.2712429592703185
0.1,2,recovery,4350,0.3103198518103454,0.2712429592703185
0.1,2,recovery,4400,0.2792619524261681,0.2712429592703185
0.1,2,recovery,4450,0.247513793958933,0.2712429592703185
0.1,2,recovery,4500,0.2534010726754786,0.2712429592703185
0.1,2,recovery,4550,0.2981220471824053,0.2712429592703185
0.1,2,recovery,4600,0.2954740863858023,0.2712429592703185
0.1,2,recovery,4650,0.2486545482167275,0.2712429592703185
0.1,2,recovery,4700,0.2949035760574043,0.2712429592703185
0.1,2,recovery,4750,0.2920275838376255,0.2712429592703185
0.1,2,recovery,4800,0.2977758018200984,0.2712429592703185
0.1,2,recovery,4850,0.2938053033873439,0.2712429592703185
0.1,2,recovery,4900,0.2539488261227962,0.2712429592703185
0.1,2,recovery,4950,0.2574855614063562,0.2712429592703185
0.1,2,recovery,5000,0.2581958307017339,0.2712429592703185
0.1,2,recovery,5050,0.2492353691539028,0.2712429592703185
0.1,2,recovery,5100,0.3346896478504641,0.2712429592703185
0.1,2,recovery,5150,0.2911689982144162,0.2712429592703185
0.1,2,recovery,5200,0.2420104296237696,0.2712429592703185
0.1,2,recovery,5250,0.2958372031967156,0.2712429592703185
0.1,2,recovery,5300,0.2555716630333336,0.2712429592703185
0.1,2,recovery,5350,0.2906088580004871,0.2712429592703185
0.1,2,recovery,5400,0.2884322120738216,0.2712429592703185
0.1,2,recovery,5450,0.303871249553631,0.2712429592703185
0.1,2,recovery,5500,0.2883896367746638,0.2712429592703185
0.1,2,recovery,5550,0.2291807573399273,0.26576174862940594
0.1,2,recovery,5600,0.289008513278095,0.26576174862940594
0.1,2,recovery,5650,0.2537909764697542,0.26576174862940594
0.1,2,recovery,5700,0.2138899932481581,0.26576174862940594
0.1,2,recovery,5750,0.3186961402086308,0.26576174862940594
0.1,2,recovery,5800,0.2683698225481203,0.26576174862940594
0.1,2,recovery,5850,0.2873960373131558,0.26576174862940594
0.1,2,recovery,5900,0.2656146017240826,0.2656146017240826
0.25,0,acquisition,50,0.3311331056850031,0.3311331056850031
0.25,0,acquisition,100,0.3785069478128571,0.371090611332135
0.25,0,acquisition,150,0.3681418725068215,0.371090611332135
0.25,0,acquisition,200,0.3666230136767263,0.371090611332135
0.25,0,acquisition,250,0.4458606613363372,0.39473395483708007
0.25,0,acquisition,300,0.3691146202007075,0.39473395483708007
0.25,0,acquisition,350,0.4402131380344508,0.39473395483708007
0.25,0,acquisition,400,0.4125371169089339,0.39473395483708007
0.25,0,acquisition,450,0.3059442377049708,0.39473395483708007
0.25,0,acquisition,500,0.4493596330942819,0.41199923352326734
0.25,0,acquisition,550,0.4500592303235317,0.41199923352326734
0.25,0,acquisition,600,0.3449943316751159,0.41199923352326734
0.25,0,acquisition,650,0.4287117502721957,0.41199923352326734
0.25,0,acquisition,700,0.3868712222512113,0.41199923352326734
0.25,0,acquisition,750,0.4389109933120199,0.41207981505644664
0.25,0,acquisition,800,0.4161457699642051,0.41207981505644664
0.25,0,acquisition,850,0.3811826818931149,0.41207981505644664
0.25,0,acquisition,900,0.4810941589094,0.41347557066360113
0.25,0,acquisition,950,0.3739403466531075,0.41347557066360113
0.25,0,acquisition,1000,0.467191948746331,0.41347557066360113
0.25,0,acquisition,1050,0.5142224424507004,0.41347557066360113
0.25,0,acquisition,1100,0.4315823565836763,0.41347557066360113
0.25,0,acquisition,1150,0.3669181595352711,0.41347557066360113
0.25,0,acquisition,1200,0.4629083279392216,0.41347557066360113
0.25,0,acquisition,1250,0.490834101686487,0.41347557066360113
0.25,0,acquisition,1300,0.3670336735388264,0.41347557066360113
0.25,0,acquisition,1350,0.4436465793172829,0.41347557066360113
0.25,0,acquisition,1400,0.3976169041980756,0.41347557066360113
0.25,0,acquisition,1450,0.4658838541060686,0.41347557066360113
0.25,0,acquisition,1500,0.3784856778016546,0.41347557066360113
0.25,0,acquisition,1550,0.3839371577987913,0.41347557066360113
0.25,0,acquisition,1600,0.3704347773827612,0.41347557066360113
0.25,0,acquisition,1650,0.3908041433308972,0.41347557066360113
0.25,0,acquisition,1700,0.4223469149455195,0.41347557066360113
0.25,0,acquisition,1750,0.4274201664736028,0.41347557066360113
0.25,0,acquisition,1800,0.3519812995876418,0.41347557066360113
0.25,0,acquisition,1850,0.4625564361247234,0.41347557066360113
0.25,0,acquisition,1900,0.3944506784866098,0.41347557066360113
0.25,0,acquisition,1950,0.3348900951689575,0.41347557066360113
0.25,0,acquisition,2000,0.3883041505789151,0.41347557066360113
0.25,0,acquisition,2050,0.3549293445819057,0.41347557066360113
0.25,0,acquisition,2100,0.482149507557624,0.42599628771746545
0.25,0,acquisition,2150,0.4383651660225587,0.42599628771746545
0.25,0,acquisition,2200,0.4458924618788296,0.42599628771746545
0.25,0,acquisition,2250,0.4261496395891299,0.42599628771746545
0.25,0,acquisition,2300,0.4801339656568598,0.42599628771746545
0.25,0,acquisition,2350,0.3754386370605789,0.42599628771746545
0.25,0,acquisition,2400,0.4532915372174466,0.42599628771746545
0.25,0,acquisition,2450,0.5148171332996572,0.42599628771746545
0.25,0,acquisition,2500,0.4136774489330128,0.42599628771746545
0.25,0,acquisition,2550,0.5035856710514054,0.42599628771746545
0.25,0,acquisition,2600,0.4342068542068591,0.42599628771746545
0.25,0,acquisition,2650,0.4350043731986079,0.42599628771746545
0.25,0,acquisition,2700,0.3916809797193855,0.42599628771746545
0.25,0,acquisition,2750,0.4150521629076684,0.42599628771746545
0.25,0,acquisition,2800,0.4064100779639557,0.42599628771746545
0.25,0,acquisition,2850,0.4477249342243886,0.42599628771746545
0.25,0,acquisition,2900,0.4208283642388414,0.42599628771746545
0.25,0,acquisition,2950,0.3515724094118923,0.42599628771746545
0.25,0,acquisition,3000,0.4272111838462297,0.42599628771746545
0.25,0,acquisition,3050,0.4555679272103589,0.42599628771746545
0.25,0,acquisition,3100,0.3482503217912744,0.42599628771746545
0.25,0,acquisition,3150,0.3828636320168152,0.42599628771746545
0.25,0,acquisition,3200,0.4526905267161782,0.42599628771746545
0.25,0,acquisition,3250,0.3901172469509765,0.42599628771746545
0.25,0,acquisition,3300,0.4320219386095414,0.42599628771746545
0.25,0,acquisition,3350,0.4348322253266815,0.42599628771746545
0.25,0,acquisition,3400,0.4649847381387371,0.42599628771746545
0.25,0,acquisition,3450,0.4497334141097963,0.42599628771746545
0.25,0,acquisition,3500,0.4598060547735076,0.42599628771746545
0.25,0,acquisition,3550,0.4334956151340157,0.42599628771746545
0.25,0,acquisition,3600,0.4160181885166094,0.42599628771746545
0.25,0,acquisition,3650,0.4010272113385145,0.42599628771746545
0.25,0,acquisition,3700,0.4892001522856299,0.42599628771746545
0.25,0,acquisition,3750,0.4292135490680812,0.42599628771746545
0.25,0,acquisition,3800,0.4221617703617085,0.42599628771746545
0.25,0,acquisition,3850,0.3988816230726661,0.42599628771746545
0.25,0,acquisition,3900,0.3809970849542878,0.42599628771746545
0.25,0,acquisition,3950,0.4476043857552577,0.42599628771746545
0.25,0,acquisition,4000,0.3794119492563186,0.42599628771746545
0.25,0,acquisition,4050,0.4487635316391242,0.42599628771746545
0.25,0,acquisition,4100,0.3790574043529341,0.42599628771746545
0.25,0,acquisition,4150,0.3939239445986459,0.42599628771746545
0.25,0,acquisition,4200,0.4352642678690608,0.42599628771746545
0.25,0,acquisition,4250,0.3547554477368249,0.42599628771746545
0.25,0,acquisition,4300,0.4700870548974489,0.43143229629422414
0.25,0,acquisition,4350,0.447054227674962,0.43143229629422414
0.25,0,acquisition,4400,0.4744294989691116,0.43143229629422414
0.25,0,acquisition,4450,0.4502151478826999,0.43143229629422414
0.25,0,acquisition,4500,0.4673303280456457,0.43143229629422414
0.25,0,acquisition,4550,0.4885970387235284,0.43143229629422414
0.25,0,acquisition,4600,0.4152348541695392,0.43143229629422414
0.25,0,acquisition,4650,0.4673229075263952,0.43143229629422414
0.25,0,acquisition,4700,0.4506579068064457,0.43143229629422414
0.25,0,acquisition,4750,0.4607052442326676,0.43143229629422414
0.25,0,acquisition,4800,0.4054452183365356,0.43143229629422414
0.25,0,acquisition,4850,0.4079883038264233,0.43143229629422414
0.25,0,acquisition,4900,0.390946663680952,0.43143229629422414
0.25,0,acquisition,4950,0.3808424419746734,0.43143229629422414
0.25,0,acquisition,5000,0.4432545654504792,0.43143229629422414
0.25,0,acquisition,5050,0.4316960236936575,0.43143229629422414
0.25,0,acquisition,5100,0.3951024299795972,0.43143229629422414
0.25,0,acquisition,5150,0.3502352434344357,0.43143229629422414
0.25,0,acquisition,5200,0.4675222363503417,0.43143229629422414
0.25,0,acquisition,5250,0.3639785902289441,0.43143229629422414
0.25,0,acquisition,5300,0.4521177321474534,0.4342727960277781
0.25,0,acquisition,5350,0.4589808439742773,0.4342727960277781
0.25,0,acquisition,5400,0.4499169112957315,0.4342727960277781
0.25,0,acquisition,5450,0.403028710114886,0.4342727960277781
0.25,0,acquisition,5500,0.4458453574072337,0.4342727960277781
0.25,0,acquisition,5550,0.4279392070067115,0.4342727960277781
0.25,0,acquisition,5600,0.4020808102481533,0.4342727960277781
0.25,0,acquisition,5650,0.4573016830149572,0.4362643870031267
0.25,0,acquisition,5700,0.46546044655086,0.4362643870031267
0.25,0,acquisition,5750,0.4409352318069432,0.4362643870031267
0.25,0,acquisition,5800,0.4437059074937133,0.4362643870031267
0.25,0,acquisition,5850,0.4418239304458257,0.4362643870031267
0.25,0,acquisition,5900,0.3683591227064607,0.4362643870031267
0.25,0,recovery,50,0.4134740797861013,0.41671090913121583
0.25,0,recovery,100,0.4199477384763304,0.41671090913121583
0.25,0,recovery,150,0.3569585950562032,0.3780605903596733
0.25,0,recovery,200,0.3991625856631435,0.3780605903596733
0.25,0,recovery,250,0.3709436680056387,0.37362624105153364
0.25,0,recovery,300,0.3763088140974286,0.37362624105153364
0.25,0,recovery,350,0.3090417195943882,0.36425301530146187
0.25,0,recovery,400,0.3850419697130565,0.36425301530146187
0.25,0,recovery,450,0.3986753565969411,0.36425301530146187
0.25,0,recovery,500,0.3083304969605524,0.3570445662362423
0.25,0,recovery,550,0.3937590977945365,0.3570445662362423
0.25,0,recovery,600,0.3592226825701072,0.3570445662362423
0.25,0,recovery,650,0.330438900620793,0.3570445662362423
0.25,0,recovery,700,0.3513304421404609,0.3570445662362423
0.25,0,recovery,750,0.3991857773310039,0.3570445662362423
0.25,0,recovery,800,0.3307051286671776,0.3307051286671776
0.25,0,recovery,850,0.2919300952967023,0.3123938757700671
0.25,0,recovery,900,0.2995460811589146,0.3123938757700671
0.25,0,recovery,950,0.331607159099658,0.3123938757700671
0.25,0,recovery,1000,0.3264921675249934,0.3123938757700671
0.25,0,recovery,1050,0.2592239047569455,0.2963404903835822
0.25,0,recovery,1100,0.3331399279524339,0.2963404903835822
0.25,0,recovery,1150,0.2795427573402412,0.2963404903835822
0.25,0,recovery,1200,0.2911341168027138,0.2963404903835822
0.25,0,recovery,1250,0.2725976227293722,0.2963404903835822
0.25,0,recovery,1300,0.2870683286141138,0.2963404903835822
0.25,0,recovery,1350,0.3383410680020461,0.2963404903835822
0.25,0,recovery,1400,0.298628806565539,0.2963404903835822
0.25,0,recovery,1450,0.2741491341288201,0.2963404903835822
0.25,0,recovery,1500,0.2654934547079028,0.2963404903835822
0.25,0,recovery,1550,0.3504418316541705,0.2963404903835822
0.25,0,recovery,1600,0.2562722498335643,0.2963404903835822
0.25,0,recovery,1650,0.3244671637850115,0.2963404903835822
0.25,0,recovery,1700,0.2673914851725567,0.2963404903835822
0.25,0,recovery,1750,0.3282771897473139,0.2963404903835822
0.25,0,recovery,1800,0.2832822971488349,0.2963404903835822
0.25,0,recovery,1850,0.3283369975793175,0.2963404903835822
0.25,0,recovery,1900,0.2604874450300121,0.2943578744854984
0.25,0,recovery,1950,0.2828628764103632,0.2943578744854984
0.25,0,recovery,2000,0.2878852854872821,0.2943578744854984
0.25,0,recovery,2050,0.2972812494880054,0.2943578744854984
0.25,0,recovery,2100,0.2897547348611988,0.2943578744854984
0.25,0,recovery,2150,0.2937857862183591,0.2943578744854984
0.25,0,recovery,2200,0.2862080840888666,0.2943578744854984
0.25,0,recovery,2250,0.2396547096670838,0.2943578744854984
0.25,0,recovery,2300,0.2835848884785082,0.2943578744854984
0.25,0,recovery,2350,0.3180123483127681,0.2943578744854984
0.25,0,recovery,2400,0.3157588548905914,0.2943578744854984
0.25,0,recovery,2450,0.2896647239825688,0.2943578744854984
0.25,0,recovery,2500,0.3313377362536266,0.2943578744854984
0.25,0,recovery,2550,0.2633748193259816,0.2943578744854984
0.25,0,recovery,2600,0.3213803360518068,0.2943578744854984
0.25,0,recovery,2650,0.3065848693187581,0.2943578744854984
0.25,0,recovery,2700,0.2772706995450426,0.2943578744854984
0.25,0,recovery,2750,0.2879481303412467,0.2943578744854984
0.25,0,recovery,2800,0.2449119999801041,0.2943578744854984
0.25,0,recovery,2850,0.2991899867227767,0.2943578744854984
0.25,0,recovery,2900,0.2441812023852253,0.2943578744854984
0.25,0,recovery,2950,0.3257940587308258,0.2943578744854984
0.25,0,recovery,3000,0.3337669936462771,0.2943578744854984
0.25,0,recovery,3050,0.3501589851267636,0.2943578744854984
0.25,0,recovery,3100,0.3075538093515206,0.2943578744854984
0.25,0,recovery,3150,0.3149101229273947,0.2943578744854984
0.25,0,recovery,3200,0.2687563659879379,0.27449223750316176
0.25,0,recovery,3250,0.266703723349492,0.27449223750316176
0.25,0,recovery,3300,0.2675158066302538,0.27449223750316176
0.25,0,recovery,3350,0.2485500146821141,0.27449223750316176
0.25,0,recovery,3400,0.2437217101827263,0.27449223750316176
0.25,0,recovery,3450,0.3412396227172576,0.27449223750316176
0.25,0,recovery,3500,0.2779709370387718,0.27449223750316176
0.25,0,recovery,3550,0.2737324268533848,0.27449223750316176
0.25,0,recovery,3600,0.2822395300865173,0.27449223750316176
0.25,0,recovery,3650,0.2298961974476697,0.264398481609649
0.25,0,recovery,3700,0.2618731135345297,0.264398481609649
0.25,0,recovery,3750,0.2619897546083666,0.264398481609649
0.25,0,recovery,3800,0.2758727828157134,0.264398481609649
0.25,0,recovery,3850,0.2518522975989617,0.264398481609649
0.25,0,recovery,3900,0.2869310379738454,0.264398481609649
0.25,0,recovery,3950,0.2438838819367811,0.264398481609649
0.25,0,recovery,4000,0.2925343464309117,0.264398481609649
0.25,0,recovery,4050,0.2729175460292026,0.264398481609649
0.25,0,recovery,4100,0.2662338577205082,0.264398481609649
0.25,0,recovery,4150,0.2061032711761072,0.2556580956548882
0.25,0,recovery,4200,0.2172053704113932,0.2556580956548882
0.25,0,recovery,4250,0.2560501092637423,0.2556580956548882
0.25,0,recovery,4300,0.2521311052667442,0.2556580956548882
0.25,0,recovery,4350,0.2551394627970876,0.2556580956548882
0.25,0,recovery,4400,0.2525399749149801,0.2556580956548882
0.25,0,recovery,4450,0.2905922253686003,0.2556580956548882
0.25,0,recovery,4500,0.2054156449221773,0.2556580956548882
0.25,0,recovery,4550,0.2902642301487503,0.2556580956548882
0.25,0,recovery,4600,0.2187988525105174,0.2556580956548882
0.25,0,recovery,4650,0.2673580971074989,0.2556580956548882
0.25,0,recovery,4700,0.2800586994807236,0.2556580956548882
0.25,0,recovery,4750,0.2649139519780874,0.2556580956548882
0.25,0,recovery,4800,0.2502794536092551,0.2556580956548882
0.25,0,recovery,4850,0.2605830820149276,0.2556580956548882
0.25,0,recovery,4900,0.2398134471650701,0.2556580956548882
0.25,0,recovery,4950,0.2637954848934896,0.2556580956548882
0.25,0,recovery,5000,0.2522558868816122,0.2556580956548882
0.25,0,recovery,5050,0.2490565325453644,0.2556580956548882
0.25,0,recovery,5100,0.2484769416722702,0.2556580956548882
0.25,0,recovery,5150,0.255692062805756,0.2556580956548882
0.25,0,recovery,5200,0.2629150848847348,0.2556580956548882
0.25,0,recovery,5250,0.2456167936272686,0.2556580956548882
0.25,0,recovery,5300,0.2871089293278055,0.2556580956548882
0.25,0,recovery,5350,0.2730469105171505,0.2556580956548882
0.25,0,recovery,5400,0.3018988817359787,0.2556580956548882
0.25,0,recovery,5450,0.2539071395032806,0.2539071395032806
0.25,0,recovery,5500,0.2337935178918996,0.2528895120650122
0.25,0,recovery,5550,0.1994393422297435,0.2528895120650122
0.25,0,recovery,5600,0.3001025269116508,0.2528895120650122
0.25,0,recovery,5650,0.278222661226755,0.2528895120650122
0.25,0,recovery,5700,0.2071944505785359,0.23717719956228392
0.25,0,recovery,5750,0.2529133111581905,0.23717719956228392
0.25,0,recovery,5800,0.2374325944797601,0.23717719956228392
0.25,0,recovery,5850,0.2511684420326492,0.23717719956228392
0.25,0,recovery,5900,0.2329293416667496,0.2329293416667496
0.25,1,acquisition,50,0.3709101058426313,0.3351805418002186
0.25,1,acquisition,100,0.2994509777578059,0.3351805418002186
0.25,1,acquisition,150,0.3809265343798324,0.38090235966418945
0.25,1,acquisition,200,0.4153556171443779,0.38090235966418945
0.25,1,acquisition,250,0.3767595171643188,0.38090235966418945
0.25,1,acquisition,300,0.4605626208457397,0.38090235966418945
0.25,1,acquisition,350,0.3679224075534148,0.38090235966418945
0.25,1,acquisition,400,0.3964900863531511,0.38090235966418945
0.25,1,acquisition,450,0.4347892590746051,0.38090235966418945
0.25,1,acquisition,500,0.3512016769364709,0.38090235966418945
0.25,1,acquisition,550,0.3897122333035804,0.38090235966418945
0.25,1,acquisition,600,0.3514516213664319,0.38090235966418945
0.25,1,acquisition,650,0.2957136542216176,0.38090235966418945
0.25,1,acquisition,700,0.3680262577236863,0.38090235966418945
0.25,1,acquisition,750,0.3628191895672353,0.38090235966418945
0.25,1,acquisition,800,0.5124228319397662,0.38948791946607847
0.25,1,acquisition,850,0.3623734396777581,0.38948791946607847
0.25,1,acquisition,900,0.4744785615615546,0.38948791946607847
0.25,1,acquisition,950,0.3736508534039603,0.38948791946607847
0.25,1,acquisition,1000,0.391982684895629,0.38948791946607847
0.25,1,acquisition,1050,0.3138061568967532,0.38948791946607847
0.25,1,acquisition,1100,0.3556787399941822,0.38948791946607847
0.25,1,acquisition,1150,0.3642683280579513,0.38948791946607847
0.25,1,acquisition,1200,0.3567296787671512,0.38948791946607847
0.25,1,acquisition,1250,0.4296947948489105,0.4087929569402735
0.25,1,acquisition,1300,0.424390246590483,0.4087929569402735
0.25,1,acquisition,1350,0.377067052112543,0.4087929569402735
0.25,1,acquisition,1400,0.4610447459650458,0.4087929569402735
0.25,1,acquisition,1450,0.3749534390389453,0.4087929569402735
0.25,1,acquisition,1500,0.4150026637350674,0.4087929569402735
0.25,1,acquisition,1550,0.4069896135147428,0.4087929569402735
0.25,1,acquisition,1600,0.3966250024142209,0.4087929569402735
0.25,1,acquisition,1650,0.3933690542425029,0.4087929569402735
0.25,1,acquisition,1700,0.4375783699774183,0.4130104944336718
0.25,1,acquisition,1750,0.4660305397125194,0.4130104944336718
0.25,1,acquisition,1800,0.4599502193497028,0.4130104944336718
0.25,1,acquisition,1850,0.4145335872599389,0.4130104944336718
0.25,1,acquisition,1900,0.4798763174912892,0.4130104944336718
0.25,1,acquisition,1950,0.3928758763405494,0.4130104944336718
0.25,1,acquisition,2000,0.3222884388006059,0.4130104944336718
0.25,1,acquisition,2050,0.4073367635719478,0.4130104944336718
0.25,1,acquisition,2100,0.4105357593321241,0.4130104944336718
0.25,1,acquisition,2150,0.452722810228006,0.4130104944336718
0.25,1,acquisition,2200,0.4004909787466749,0.4130104944336718
0.25,1,acquisition,2250,0.3940601356944535,0.4130104944336718
0.25,1,acquisition,2300,0.3903667328017763,0.4130104944336718
0.25,1,acquisition,2350,0.377836295684101,0.4130104944336718
0.25,1,acquisition,2400,0.392504270801437,0.4130104944336718
0.25,1,acquisition,2450,0.5241781121341046,0.4130104944336718
0.25,1,acquisition,2500,0.366726890267455,0.4130104944336718
0.25,1,acquisition,2550,0.4445369292923715,0.4130104944336718
0.25,1,acquisition,2600,0.3927821527747437,0.4130104944336718
0.25,1,acquisition,2650,0.4615236965223448,0.4130104944336718
0.25,1,acquisition,2700,0.462227887752233,0.4130104944336718
0.25,1,acquisition,2750,0.3798103081219597,0.4130104944336718
0.25,1,acquisition,2800,0.3878953763341997,0.4130104944336718
0.25,1,acquisition,2850,0.3839083557866979,0.4130104944336718
0.25,1,acquisition,2900,0.397094621786382,0.4130104944336718
0.25,1,acquisition,2950,0.4256681874830974,0.4130104944336718
0.25,1,acquisition,3000,0.4119915069337003,0.4130104944336718
0.25,1,acquisition,3050,0.3269627231609774,0.4130104944336718
0.25,1,acquisition,3100,0.4435374863934703,0.4153299085099584
0.25,1,acquisition,3150,0.3949262056243606,0.4153299085099584
0.25,1,acquisition,3200,0.4466018349997466,0.4153299085099584
0.25,1,acquisition,3250,0.4739972259890055,0.4153299085099584
0.25,1,acquisition,3300,0.4334239607903873,0.4153299085099584
0.25,1,acquisition,3350,0.4848528295528376,0.4153299085099584
0.25,1,acquisition,3400,0.491274266843684,0.4153299085099584
0.25,1,acquisition,3450,0.4846869789878837,0.4153299085099584
0.25,1,acquisition,3500,0.421473223065841,0.4153299085099584
0.25,1,acquisition,3550,0.3737519124354003,0.4153299085099584
0.25,1,acquisition,3600,0.4640730807796353,0.4153299085099584
0.25,1,acquisition,3650,0.4948032017244259,0.4153299085099584
0.25,1,acquisition,3700,0.4197220701287733,0.4153299085099584
0.25,1,acquisition,3750,0.41224455986463,0.4153299085099584
0.25,1,acquisition,3800,0.3983138335781405,0.4153299085099584
0.25,1,acquisition,3850,0.3990928216744214,0.4153299085099584
0.25,1,acquisition,3900,0.4033044235728448,0.4153299085099584
0.25,1,acquisition,3950,0.3254398337827296,0.4153299085099584
0.25,1,acquisition,4000,0.3701755185105139,0.4153299085099584
0.25,1,acquisition,4050,0.3698778100148774,0.4153299085099584
0.25,1,acquisition,4100,0.4358801772742299,0.4153299085099584
0.25,1,acquisition,4150,0.3978820055333198,0.4153299085099584
0.25,1,acquisition,4200,0.3844816011982038,0.4153299085099584
0.25,1,acquisition,4250,0.3901725706312572,0.4153299085099584
0.25,1,acquisition,4300,0.3765786198340356,0.4153299085099584
0.25,1,acquisition,4350,0.4482418537914054,0.4153299085099584
0.25,1,acquisition,4400,0.3717743229208281,0.4153299085099584
0.25,1,acquisition,4450,0.3672803550143726,0.4153299085099584
0.25,1,acquisition,4500,0.3890320111898472,0.4153299085099584
0.25,1,acquisition,4550,0.4229273132723756,0.4153299085099584
0.25,1,acquisition,4600,0.4544513591204304,0.4153299085099584
0.25,1,acquisition,4650,0.3829149898607283,0.4153299085099584
0.25,1,acquisition,4700,0.3844173312361817,0.4153299085099584
0.25,1,acquisition,4750,0.4112129188812105,0.4153299085099584
0.25,1,acquisition,4800,0.4826232586248079,0.4153299085099584
0.25,1,acquisition,4850,0.4490125106502091,0.4153299085099584
0.25,1,acquisition,4900,0.4740183031623018,0.4153299085099584
0.25,1,acquisition,4950,0.4167545459087705,0.4153299085099584
0.25,1,acquisition,5000,0.4194770056771812,0.4153299085099584
0.25,1,acquisition,5050,0.4176817667105933,0.4153299085099584
0.25,1,acquisition,5100,0.378776492573088,0.4153299085099584
0.25,1,acquisition,5150,0.4431372606969671,0.4153299085099584
0.25,1,acquisition,5200,0.3950105206429725,0.4153299085099584
0.25,1,acquisition,5250,0.4321170847461326,0.4153299085099584
0.25,1,acquisition,5300,0.4124015613656956,0.4153299085099584
0.25,1,acquisition,5350,0.3988239479856565,0.4153299085099584
0.25,1,acquisition,5400,0.431197685393854,0.4153299085099584
0.25,1,acquisition,5450,0.4174296974571189,0.4153299085099584
0.25,1,acquisition,5500,0.4056706542917527,0.4153299085099584
0.25,1,acquisition,5550,0.4026575184980174,0.4153299085099584
0.25,1,acquisition,5600,0.3853191688650986,0.4153299085099584
0.25,1,acquisition,5650,0.3648935058386996,0.4153299085099584
0.25,1,acquisition,5700,0.3626621538668405,0.4153299085099584
0.25,1,acquisition,5750,0.4451996328361565,0.4423174256694619
0.25,1,acquisition,5800,0.4595915944688022,0.4423174256694619
0.25,1,acquisition,5850,0.4285466864070622,0.4423174256694619
0.25,1,acquisition,5900,0.4359317889658268,0.4423174256694619
0.25,1,recovery,50,0.3465231739799492,0.37040611278353025
0.25,1,recovery,100,0.3942890515871113,0.37040611278353025
0.25,1,recovery,150,0.3683155284286477,0.3683155284286477
0.25,1,recovery,200,0.3408410252555041,0.35835656521929193
0.25,1,recovery,250,0.3758721051830798,0.35835656521929193
0.25,1,recovery,300,0.3139177301380551,0.3557375167283462
0.25,1,recovery,350,0.3711664325516903,0.3557375167283462
0.25,1,recovery,400,0.3629517616011435,0.3557375167283462
0.25,1,recovery,450,0.3668485161825083,0.3557375167283462
0.25,1,recovery,500,0.3638031431683339,0.3557375167283462
0.25,1,recovery,550,0.3385402999288635,0.3444001734411411
0.25,1,recovery,600,0.3082932581828209,0.3444001734411411
0.25,1,recovery,650,0.331813627082156,0.3444001734411411
0.25,1,recovery,700,0.3263870805146871,0.3444001734411411
0.25,1,recovery,750,0.4068161915929522,0.3444001734411411
0.25,1,recovery,800,0.3454456677532289,0.3444001734411411
0.25,1,recovery,850,0.3535050890332786,0.3444001734411411
0.25,1,recovery,900,0.3209712504752678,0.3302456250910472
0.25,1,recovery,950,0.2972880999720655,0.3302456250910472
0.25,1,recovery,1000,0.3605740155803505,0.3302456250910472
0.25,1,recovery,1050,0.342149134336505,0.3302456250910472
0.25,1,recovery,1100,0.3022865266533335,0.30961703703535015
0.25,1,recovery,1150,0.3169475474173668,0.30961703703535015
0.25,1,recovery,1200,0.2979055932932533,0.2979055932932533
0.25,1,recovery,1250,0.2771640496962936,0.2818521223952994
0.25,1,recovery,1300,0.2715020067663863,0.2818521223952994
0.25,1,recovery,1350,0.2324427908635698,0.2818521223952994
0.25,1,recovery,1400,0.2680177270609419,0.2818521223952994
0.25,1,recovery,1450,0.2602606370911235,0.2818521223952994
0.25,1,recovery,1500,0.3069083569577197,0.2818521223952994
0.25,1,recovery,1550,0.2610467096482171,0.2818521223952994
0.25,1,recovery,1600,0.3251616828102851,0.2818521223952994
0.25,1,recovery,1650,0.306860736910603,0.2818521223952994
0.25,1,recovery,1700,0.3091565261478536,0.2818521223952994
0.25,1,recovery,1750,0.2354242079844698,0.2692158945383165
0.25,1,recovery,1800,0.2749633499031187,0.2692158945383165
0.25,1,recovery,1850,0.2639909935754258,0.2692158945383165
0.25,1,recovery,1900,0.2486882046819664,0.2692158945383165
0.25,1,recovery,1950,0.2649204120482318,0.2692158945383165
0.25,1,recovery,2000,0.3003640168037964,0.2692158945383165
0.25,1,recovery,2050,0.2872492711368249,0.2692158945383165
0.25,1,recovery,2100,0.227002357171732,0.2692158945383165
0.25,1,recovery,2150,0.2605500550911529,0.2692158945383165
0.25,1,recovery,2200,0.2803200321970507,0.2692158945383165
0.25,1,recovery,2250,0.3179019393277121,0.2692158945383165
0.25,1,recovery,2300,0.2575484001968289,0.2575484001968289
0.25,1,recovery,2350,0.2423211695335339,0.2440023031973073
0.25,1,recovery,2400,0.1769121446926146,0.2440023031973073
0.25,1,recovery,2450,0.2781850334332557,0.2440023031973073
0.25,1,recovery,2500,0.2512905883078929,0.2440023031973073
0.25,1,recovery,2550,0.1979008059785701,0.2440023031973073
0.25,1,recovery,2600,0.2417502130026696,0.2440023031973073
0.25,1,recovery,2650,0.274824554665829,0.2440023031973073
0.25,1,recovery,2700,0.2807491532544373,0.2440023031973073
0.25,1,recovery,2750,0.2520870659069624,0.2440023031973073
0.25,1,recovery,2800,0.2020239484024932,0.24259661381768122
0.25,1,recovery,2850,0.2639837598853046,0.24259661381768122
0.25,1,recovery,2900,0.2304492345248582,0.24259661381768122
0.25,1,recovery,2950,0.2369094226526795,0.24259661381768122
0.25,1,recovery,3000,0.2222841710597276,0.24259661381768122
0.25,1,recovery,3050,0.2782301067007938,0.24259661381768122
0.25,1,recovery,3100,0.2091886842914391,0.24259661381768122
0.25,1,recovery,3150,0.2650531877402682,0.24259661381768122
0.25,1,recovery,3200,0.2221845623670378,0.24259661381768122
0.25,1,recovery,3250,0.2499348664854187,0.24259661381768122
0.25,1,recovery,3300,0.2818582181056263,0.24259661381768122
0.25,1,recovery,3350,0.228097907679039,0.24259661381768122
0.25,1,recovery,3400,0.2334216668305453,0.24259661381768122
0.25,1,recovery,3450,0.2397478632739512,0.24259661381768122
0.25,1,recovery,3500,0.2262634284124942,0.24259661381768122
0.25,1,recovery,3550,0.2087881749303778,0.24259661381768122
0.25,1,recovery,3600,0.2674764477065764,0.24259661381768122
0.25,1,recovery,3650,0.2744174614857184,0.24259661381768122
0.25,1,recovery,3700,0.2262252285412978,0.24259661381768122
0.25,1,recovery,3750,0.2480643222905928,0.24259661381768122
0.25,1,recovery,3800,0.2481096240191254,0.24259661381768122
0.25,1,recovery,3850,0.2544233906758018,0.24259661381768122
0.25,1,recovery,3900,0.2625864397455006,0.24259661381768122
0.25,1,recovery,3950,0.2242290275002597,0.24154280005022877
0.25,1,recovery,4000,0.2354140169522725,0.24154280005022877
0.25,1,recovery,4050,0.2065092672297032,0.24154280005022877
0.25,1,recovery,4100,0.2425269645045046,0.24154280005022877
0.25,1,recovery,4150,0.2333741008455399,0.24154280005022877
0.25,1,recovery,4200,0.2766132978192763,0.24154280005022877
0.25,1,recovery,4250,0.2307242991513339,0.24154280005022877
0.25,1,recovery,4300,0.2372899745154427,0.24154280005022877
0.25,1,recovery,4350,0.1847643631853861,0.24154280005022877
0.25,1,recovery,4400,0.2527058408904122,0.24154280005022877
0.25,1,recovery,4450,0.2314295914868125,0.24154280005022877
0.25,1,recovery,4500,0.2530312817089725,0.24154280005022877
0.25,1,recovery,4550,0.2670650440495228,0.24154280005022877
0.25,1,recovery,4600,0.2159440335159888,0.24154280005022877
0.25,1,recovery,4650,0.2233980011584935,0.24154280005022877
0.25,1,recovery,4700,0.2443434723879909,0.24154280005022877
0.25,1,recovery,4750,0.296100586586399,0.24154280005022877
0.25,1,recovery,4800,0.2923072374158073,0.24154280005022877
0.25,1,recovery,4850,0.1846277066599577,0.23745570319510684
0.25,1,recovery,4900,0.2142237121227663,0.23745570319510684
0.25,1,recovery,4950,0.2403542402328457,0.23745570319510684
0.25,1,recovery,5000,0.226058176906663,0.23745570319510684
0.25,1,recovery,5050,0.2369205070461612,0.23745570319510684
0.25,1,recovery,5100,0.2117284825292881,0.23745570319510684
0.25,1,recovery,5150,0.2013639824226265,0.23745570319510684
0.25,1,recovery,5200,0.2424857522902311,0.23745570319510684
0.25,1,recovery,5250,0.2189273460273398,0.23745570319510684
0.25,1,recovery,5300,0.2729777113377349,0.23745570319510684
0.25,1,recovery,5350,0.2076922161818947,0.23745570319510684
0.25,1,recovery,5400,0.2472319582477212,0.23745570319510684
0.25,1,recovery,5450,0.269611314520589,0.23745570319510684
0.25,1,recovery,5500,0.2851022644038312,0.23745570319510684
0.25,1,recovery,5550,0.2805061100143939,0.23745570319510684
0.25,1,recovery,5600,0.2019002680759877,0.23745570319510684
0.25,1,recovery,5650,0.2707688226969912,0.23745570319510684
0.25,1,recovery,5700,0.2617220857948996,0.23745570319510684
0.25,1,recovery,5750,0.2177244315261487,0.2370440460751221
0.25,1,recovery,5800,0.2152683117124252,0.2370440460751221
0.25,1,recovery,5850,0.2781393949867924,0.2370440460751221
0.25,1,recovery,5900,0.2227393962023779,0.2227393962023779
0.25,2,acquisition,50,0.4439332228660351,0.38470185521109007
0.25,2,acquisition,100,0.4546785364084644,0.38470185521109007
0.25,2,acquisition,150,0.4140625746792647,0.38470185521109007
0.25,2,acquisition,200,0.3527873847418232,0.38470185521109007
0.25,2,acquisition,250,0.3208389330102363,0.38470185521109007
0.25,2,acquisition,300,0.3593398874165723,0.38470185521109007
0.25,2,acquisition,350,0.4075779273861553,0.38470185521109007
0.25,2,acquisition,400,0.3509623218298657,0.38470185521109007
0.25,2,acquisition,450,0.3959233041212428,0.38470185521109007
0.25,2,acquisition,500,0.372521140234312,0.38470185521109007
0.25,2,acquisition,550,0.4547709174337797,0.38470185521109007
0.25,2,acquisition,600,0.389137542618555,0.38470185521109007
0.25,2,acquisition,650,0.3843148263369221,0.38470185521109007
0.25,2,acquisition,700,0.3125889084505616,0.38470185521109007
0.25,2,acquisition,750,0.3757678885193309,0.38470185521109007
0.25,2,acquisition,800,0.4137783922383096,0.38470185521109007
0.25,2,acquisition,850,0.3509611040714662,0.38470185521109007
0.25,2,acquisition,900,0.4323365863395156,0.38470185521109007
0.25,2,acquisition,950,0.3787352967169136,0.38470185521109007
0.25,2,acquisition,1000,0.4503311318065971,0.38470185521109007
0.25,2,acquisition,1050,0.3548708064254606,0.38470185521109007
0.25,2,acquisition,1100,0.2932221809925977,0.38470185521109007
0.25,2,acquisition,1150,0.4450113430671626,0.404162615564516
0.25,2,acquisition,1200,0.4127135886298492,0.404162615564516
0.25,2,acquisition,1250,0.4327726371370954,0.404162615564516
0.25,2,acquisition,1300,0.3901669428119203,0.404162615564516
0.25,2,acquisition,1350,0.4118919484544313,0.404162615564516
0.25,2,acquisition,1400,0.4179256031633122,0.404162615564516
0.25,2,acquisition,1450,0.4264843751949956,0.404162615564516
0.25,2,acquisition,1500,0.4275172912055859,0.404162615564516
0.25,2,acquisition,1550,0.3264853497355943,0.404162615564516
0.25,2,acquisition,1600,0.3703612439730204,0.404162615564516
0.25,2,acquisition,1650,0.3968599160364829,0.404162615564516
0.25,2,acquisition,1700,0.3917611473647412,0.404162615564516
0.25,2,acquisition,1750,0.5022994286008179,0.43100837006724657
0.25,2,acquisition,1800,0.3955832714727148,0.43100837006724657
0.25,2,acquisition,1850,0.4623340332508087,0.43100837006724657
0.25,2,acquisition,1900,0.4836462131846929,0.43100837006724657
0.25,2,acquisition,1950,0.4527558904775651,0.43100837006724657
0.25,2,acquisition,2000,0.4555363625602331,0.43100837006724657
0.25,2,acquisition,2050,0.4596325765189249,0.43100837006724657
0.25,2,acquisition,2100,0.4024796968931332,0.43100837006724657
0.25,2,acquisition,2150,0.354616946488386,0.43100837006724657
0.25,2,acquisition,2200,0.4558616944134701,0.43100837006724657
0.25,2,acquisition,2250,0.3353838131576776,0.43100837006724657
0.25,2,acquisition,2300,0.5085408014146379,0.43100837006724657
0.25,2,acquisition,2350,0.4370562442287337,0.43100837006724657
0.25,2,acquisition,2400,0.4312956103350734,0.43100837006724657
0.25,2,acquisition,2450,0.5219181810721056,0.43100837006724657
0.25,2,acquisition,2500,0.4174206594267161,0.43100837006724657
0.25,2,acquisition,2550,0.4306652124563698,0.43100837006724657
0.25,2,acquisition,2600,0.4194598342682002,0.43100837006724657
0.25,2,acquisition,2650,0.4899726337339962,0.43100837006724657
0.25,2,acquisition,2700,0.4296816238126484,0.43100837006724657
0.25,2,acquisition,2750,0.3558968659181846,0.43100837006724657
0.25,2,acquisition,2800,0.4209895491966745,0.43100837006724657
0.25,2,acquisition,2850,0.4346867390105035,0.43100837006724657
0.25,2,acquisition,2900,0.3960960374964634,0.43100837006724657
0.25,2,acquisition,2950,0.4818338560301345,0.43100837006724657
0.25,2,acquisition,3000,0.3956403601093916,0.43100837006724657
0.25,2,acquisition,3050,0.4700718853727448,0.43100837006724657
0.25,2,acquisition,3100,0.4062658723304048,0.43100837006724657
0.25,2,acquisition,3150,0.4630261968256672,0.43100837006724657
0.25,2,acquisition,3200,0.4135286661668215,0.43100837006724657
0.25,2,acquisition,3250,0.4195786155335372,0.43100837006724657
0.25,2,acquisition,3300,0.3707254354818724,0.43100837006724657
0.25,2,acquisition,3350,0.4505953672394389,0.43100837006724657
0.25,2,acquisition,3400,0.4305316451302496,0.43100837006724657
0.25,2,acquisition,3450,0.4070723199163331,0.43100837006724657
0.25,2,acquisition,3500,0.3923500142327975,0.43100837006724657
0.25,2,acquisition,3550,0.4192329203319969,0.43100837006724657
0.25,2,acquisition,3600,0.4745003045338671,0.43100837006724657
0.25,2,acquisition,3650,0.4827923411212396,0.43100837006724657
0.25,2,acquisition,3700,0.4221151840663515,0.43100837006724657
0.25,2,acquisition,3750,0.4506839174363995,0.43100837006724657
0.25,2,acquisition,3800,0.502491139509948,0.43100837006724657
0.25,2,acquisition,3850,0.4675177057960536,0.43100837006724657
0.25,2,acquisition,3900,0.4620350181806134,0.43100837006724657
0.25,2,acquisition,3950,0.4486939340521348,0.43100837006724657
0.25,2,acquisition,4000,0.3644749774044612,0.43100837006724657
0.25,2,acquisition,4050,0.4189062890101923,0.43100837006724657
0.25,2,acquisition,4100,0.4127752501185751,0.43100837006724657
0.25,2,acquisition,4150,0.4325729602313368,0.43100837006724657
0.25,2,acquisition,4200,0.4150044148025336,0.43100837006724657
0.25,2,acquisition,4250,0.4206302005512407,0.43100837006724657
0.25,2,acquisition,4300,0.4802498095238116,0.43100837006724657
0.25,2,acquisition,4350,0.4044691551238065,0.43100837006724657
0.25,2,acquisition,4400,0.4069485473533859,0.43100837006724657
0.25,2,acquisition,4450,0.4445765663834754,0.43100837006724657
0.25,2,acquisition,4500,0.4633027225488331,0.43100837006724657
0.25,2,acquisition,4550,0.4541553495323751,0.43100837006724657
0.25,2,acquisition,4600,0.4745927003450924,0.43100837006724657
0.25,2,acquisition,4650,0.4154264101420994,0.43100837006724657
0.25,2,acquisition,4700,0.4325427005806705,0.43100837006724657
0.25,2,acquisition,4750,0.4587260841042734,0.43100837006724657
0.25,2,acquisition,4800,0.3766115636797622,0.43100837006724657
0.25,2,acquisition,4850,0.4555329607840395,0.43100837006724657
0.25,2,acquisition,4900,0.407515649801353,0.43100837006724657
0.25,2,acquisition,4950,0.4338474680733634,0.43100837006724657
0.25,2,acquisition,5000,0.4176453477580799,0.43100837006724657
0.25,2,acquisition,5050,0.4192795725219184,0.43100837006724657
0.25,2,acquisition,5100,0.3922973280731821,0.43100837006724657
0.25,2,acquisition,5150,0.4725310486758826,0.43100837006724657
0.25,2,acquisition,5200,0.3858781290537444,0.43100837006724657
0.25,2,acquisition,5250,0.3994906760397134,0.43100837006724657
0.25,2,acquisition,5300,0.3859980469272704,0.43100837006724657
0.25,2,acquisition,5350,0.4447459802165394,0.43100837006724657
0.25,2,acquisition,5400,0.3921491946669994,0.43100837006724657
0.25,2,acquisition,5450,0.3925369404238881,0.43100837006724657
0.25,2,acquisition,5500,0.4153799103072378,0.43100837006724657
0.25,2,acquisition,5550,0.4374338314100168,0.43100837006724657
0.25,2,acquisition,5600,0.4053324602893554,0.43100837006724657
0.25,2,acquisition,5650,0.4466039740422275,0.43371860235075776
0.25,2,acquisition,5700,0.4422177830158034,0.43371860235075776
0.25,2,acquisition,5750,0.4123340499942424,0.43371860235075776
0.25,2,acquisition,5800,0.4472322045755572,0.4352968888744362
0.25,2,acquisition,5850,0.4233615731733152,0.4352968888744362
0.25,2,acquisition,5900,0.4653556704020593,0.4653556704020593
0.25,2,recovery,50,0.40101453676878,0.40101453676878
0.25,2,recovery,100,0.3956319885456469,0.3956319885456469
0.25,2,recovery,150,0.3929415984830121,0.3929415984830121
0.25,2,recovery,200,0.3419225085346261,0.3705349885790687
0.25,2,recovery,250,0.3876556510507362,0.3705349885790687
0.25,2,recovery,300,0.3820268061518436,0.3705349885790687
0.25,2,recovery,350,0.3336559626838425,0.3547505171403754
0.25,2,recovery,400,0.3579856010567164,0.3547505171403754
0.25,2,recovery,450,0.3297269673075061,0.3547505171403754
0.25,2,recovery,500,0.3758651368651772,0.3547505171403754
0.25,2,recovery,550,0.376518917788635,0.3547505171403754
0.25,2,recovery,600,0.3527663191256579,0.3527663191256579
0.25,2,recovery,650,0.3350401171005797,0.33628759244427786
0.25,2,recovery,700,0.3204251517442753,0.33628759244427786
0.25,2,recovery,750,0.3186916348745581,0.33628759244427786
0.25,2,recovery,800,0.3540699320455314,0.33628759244427786
0.25,2,recovery,850,0.3364240644720848,0.33628759244427786
0.25,2,recovery,900,0.3530746544286376,0.33628759244427786
0.25,2,recovery,950,0.2605828978779027,0.32282083012702056
0.25,2,recovery,1000,0.3432957862160401,0.32282083012702056
0.25,2,recovery,1050,0.3575033960037399,0.32282083012702056
0.25,2,recovery,1100,0.3299012404103996,0.32282083012702056
0.25,2,recovery,1150,0.2900357698672451,0.32273422566315274
0.25,2,recovery,1200,0.3397340694552986,0.32273422566315274
0.25,2,recovery,1250,0.3382978753832867,0.32273422566315274
0.25,2,recovery,1300,0.3228691879467806,0.32273422566315274
0.25,2,recovery,1350,0.3088298420002684,0.3138069393389742
0.25,2,recovery,1400,0.3187840366776799,0.3138069393389742
0.25,2,recovery,1450,0.2783788320107851,0.30807230486799697
0.25,2,recovery,1500,0.3203309012553654,0.30807230486799697
0.25,2,recovery,1550,0.2898141269624466,0.30807230486799697
0.25,2,recovery,1600,0.2956360190693521,0.30807230486799697
0.25,2,recovery,1650,0.3114682311099022,0.30807230486799697
0.25,2,recovery,1700,0.307826047304552,0.30807230486799697
0.25,2,recovery,1750,0.3411013329564594,0.30807230486799697
0.25,2,recovery,1800,0.3168827977095498,0.30807230486799697
0.25,2,recovery,1850,0.3112124554335605,0.30807230486799697
0.25,2,recovery,1900,0.2896327902632765,0.3016408571863333
0.25,2,recovery,1950,0.302428545790026,0.3016408571863333
0.25,2,recovery,2000,0.2884852087846957,0.3016408571863333
0.25,2,recovery,2050,0.2982668069016654,0.3016408571863333
0.25,2,recovery,2100,0.2384734301955904,0.3016408571863333
0.25,2,recovery,2150,0.2902561229711864,0.3016408571863333
0.25,2,recovery,2200,0.3244926993112312,0.3016408571863333
0.25,2,recovery,2250,0.3399539424327668,0.3016408571863333
0.25,2,recovery,2300,0.267228812071844,0.3016408571863333
0.25,2,recovery,2350,0.3464166527084307,0.3016408571863333
0.25,2,recovery,2400,0.2986174965812824,0.3016408571863333
0.25,2,recovery,2450,0.3354377782240044,0.3016408571863333
0.25,2,recovery,2500,0.2972490824077977,0.2972490824077977
0.25,2,recovery,2550,0.2436542976036435,0.29037035526114047
0.25,2,recovery,2600,0.3118329010746674,0.29037035526114047
0.25,2,recovery,2650,0.2972289813117822,0.29037035526114047
0.25,2,recovery,2700,0.2932126730930758,0.29037035526114047
0.25,2,recovery,2750,0.3059229232225334,0.29037035526114047
0.25,2,recovery,2800,0.2372324913291959,0.2784234912836433
0.25,2,recovery,2850,0.2554670237930259,0.2784234912836433
0.25,2,recovery,2900,0.2845813462237129,0.2784234912836433
0.25,2,recovery,2950,0.2778710072208196,0.2784234912836433
0.25,2,recovery,3000,0.2418627425743034,0.2784234912836433
0.25,2,recovery,3050,0.2860598669073079,0.2784234912836433
0.25,2,recovery,3100,0.3075753941846779,0.2784234912836433
0.25,2,recovery,3150,0.3143047680374002,0.2784234912836433
0.25,2,recovery,3200,0.3008567812823458,0.2784234912836433
0.25,2,recovery,3250,0.2185271751182153,0.2661817646918557
0.25,2,recovery,3300,0.2175607863813638,0.2661817646918557
0.25,2,recovery,3350,0.2443848384183365,0.2661817646918557
0.25,2,recovery,3400,0.2607212475524283,0.2661817646918557
0.25,2,recovery,3450,0.265165377233061,0.2661817646918557
0.25,2,recovery,3500,0.254249563725316,0.2661817646918557
0.25,2,recovery,3550,0.2661343275359831,0.2661817646918557
0.25,2,recovery,3600,0.2324009717261651,0.2661817646918557
0.25,2,recovery,3650,0.2453168525779619,0.2661817646918557
0.25,2,recovery,3700,0.2608664802112617,0.2661817646918557
0.25,2,recovery,3750,0.2704541053989669,0.2661817646918557
0.25,2,recovery,3800,0.2468721404124517,0.2661817646918557
0.25,2,recovery,3850,0.2734945081733167,0.2661817646918557
0.25,2,recovery,3900,0.3128917380049825,0.2661817646918557
0.25,2,recovery,3950,0.2786995888827369,0.2661817646918557
0.25,2,recovery,4000,0.2476658090623095,0.2661817646918557
0.25,2,recovery,4050,0.2695666347327642,0.2661817646918557
0.25,2,recovery,4100,0.2939694406767376,0.2661817646918557
0.25,2,recovery,4150,0.2646189400414005,0.2661817646918557
0.25,2,recovery,4200,0.2184274797228863,0.2661817646918557
0.25,2,recovery,4250,0.2399918010889087,0.2661817646918557
0.25,2,recovery,4300,0.2675549705396406,0.2661817646918557
0.25,2,recovery,4350,0.2351595196750713,0.2661817646918557
0.25,2,recovery,4400,0.2915931971091777,0.2661817646918557
0.25,2,recovery,4450,0.2684440062084468,0.2661817646918557
0.25,2,recovery,4500,0.2956989674596116,0.2661817646918557
0.25,2,recovery,4550,0.2815180009423056,0.2661817646918557
0.25,2,recovery,4600,0.2619048438459868,0.2661817646918557
0.25,2,recovery,4650,0.2520944689452881,0.2661817646918557
0.25,2,recovery,4700,0.2786188577645225,0.2661817646918557
0.25,2,recovery,4750,0.2932023835298605,0.2661817646918557
0.25,2,recovery,4800,0.3047170133970212,0.2661817646918557
0.25,2,recovery,4850,0.3191345291474136,0.2661817646918557
0.25,2,recovery,4900,0.3185594342811964,0.2661817646918557
0.25,2,recovery,4950,0.2603877776995068,0.26455581332455036
0.25,2,recovery,5000,0.2575251535652205,0.26455581332455036
0.25,2,recovery,5050,0.2664582687593065,0.26455581332455036
0.25,2,recovery,5100,0.2738520532741677,0.26455581332455036
0.25,2,recovery,5150,0.2494450008077547,0.25354349104000723
0.25,2,recovery,5200,0.199836728835944,0.25354349104000723
0.25,2,recovery,5250,0.2765801869600545,0.25354349104000723
0.25,2,recovery,5300,0.2599911998544121,0.25354349104000723
0.25,2,recovery,5350,0.2543470506358426,0.25354349104000723
0.25,2,recovery,5400,0.2256508895149454,0.25354349104000723
0.25,2,recovery,5450,0.2752773764613084,0.25354349104000723
0.25,2,recovery,5500,0.2474044291384052,0.25354349104000723
0.25,2,recovery,5550,0.2625574636977398,0.25354349104000723
0.25,2,recovery,5600,0.284344584493665,0.25354349104000723
0.25,2,recovery,5650,0.2277611194434575,0.2509791018929293
0.25,2,recovery,5700,0.2083041578030679,0.2509791018929293
0.25,2,recovery,5750,0.2766830089618451,0.2509791018929293
0.25,2,recovery,5800,0.2708496413967804,0.2509791018929293
0.25,2,recovery,5850,0.2452750519983237,0.2509791018929293
0.25,2,recovery,5900,0.2770016317541012,0.2509791018929293
